congressional_district_geoid,state_fips,state,reform_type,cost,poverty_pct_cut,child_poverty_pct_cut
101,1,AL,CTCs,0.0,-0.0,-0.0
101,1,AL,CTCs and EITCs,0.0,-0.0,-0.0
101,1,AL,EITCs,0.0,-0.0,-0.0
102,1,AL,CTCs,0.0,-0.0,-0.0
102,1,AL,CTCs and EITCs,0.0,-0.0,-0.0
102,1,AL,EITCs,0.0,-0.0,-0.0
103,1,AL,CTCs,0.0,-0.0,-0.0
103,1,AL,CTCs and EITCs,0.0,-0.0,-0.0
103,1,AL,EITCs,0.0,-0.0,-0.0
104,1,AL,CTCs,0.0,-0.0,-0.0
104,1,AL,CTCs and EITCs,0.0,-0.0,-0.0
104,1,AL,EITCs,0.0,-0.0,-0.0
105,1,AL,CTCs,0.0,-0.0,-0.0
105,1,AL,CTCs and EITCs,0.0,-0.0,-0.0
105,1,AL,EITCs,0.0,-0.0,-0.0
106,1,AL,CTCs,0.0,-0.0,-0.0
106,1,AL,CTCs and EITCs,0.0,-0.0,-0.0
106,1,AL,EITCs,0.0,-0.0,-0.0
107,1,AL,CTCs,0.0,-0.0,-0.0
107,1,AL,CTCs and EITCs,0.0,-0.0,-0.0
107,1,AL,EITCs,0.0,-0.0,-0.0
201,2,AK,CTCs,0.0,-0.0,-0.0
201,2,AK,CTCs and EITCs,0.0,-0.0,-0.0
201,2,AK,EITCs,0.0,-0.0,-0.0
401,4,AZ,CTCs,0.0,-0.0,-0.0
401,4,AZ,CTCs and EITCs,0.0,-0.0,-0.0
401,4,AZ,EITCs,0.0,-0.0,-0.0
402,4,AZ,CTCs,0.0,-0.0,-0.0
402,4,AZ,CTCs and EITCs,0.0,-0.0,-0.0
402,4,AZ,EITCs,0.0,-0.0,-0.0
403,4,AZ,CTCs,0.0,-0.0,-0.0
403,4,AZ,CTCs and EITCs,0.0,-0.0,-0.0
403,4,AZ,EITCs,0.0,-0.0,-0.0
404,4,AZ,CTCs,0.0,-0.0,-0.0
404,4,AZ,CTCs and EITCs,0.0,-0.0,-0.0
404,4,AZ,EITCs,0.0,-0.0,-0.0
405,4,AZ,CTCs,0.0,-0.0,-0.0
405,4,AZ,CTCs and EITCs,0.0,-0.0,-0.0
405,4,AZ,EITCs,0.0,-0.0,-0.0
406,4,AZ,CTCs,0.0,-0.0,-0.0
406,4,AZ,CTCs and EITCs,0.0,-0.0,-0.0
406,4,AZ,EITCs,0.0,-0.0,-0.0
407,4,AZ,CTCs,0.0,-0.0,-0.0
407,4,AZ,CTCs and EITCs,0.0,-0.0,-0.0
407,4,AZ,EITCs,0.0,-0.0,-0.0
408,4,AZ,CTCs,0.0,-0.0,-0.0
408,4,AZ,CTCs and EITCs,0.0,-0.0,-0.0
408,4,AZ,EITCs,0.0,-0.0,-0.0
409,4,AZ,CTCs,0.0,-0.0,-0.0
409,4,AZ,CTCs and EITCs,0.0,-0.0,-0.0
409,4,AZ,EITCs,0.0,-0.0,-0.0
501,5,AR,CTCs,0.0,-0.0,-0.0
501,5,AR,CTCs and EITCs,0.0,-0.0,-0.0
501,5,AR,EITCs,0.0,-0.0,-0.0
502,5,AR,CTCs,0.0,-0.0,-0.0
502,5,AR,CTCs and EITCs,0.0,-0.0,-0.0
502,5,AR,EITCs,0.0,-0.0,-0.0
503,5,AR,CTCs,0.0,-0.0,-0.0
503,5,AR,CTCs and EITCs,0.0,-0.0,-0.0
503,5,AR,EITCs,0.0,-0.0,-0.0
504,5,AR,CTCs,0.0,-0.0,-0.0
504,5,AR,CTCs and EITCs,0.0,-0.0,-0.0
504,5,AR,EITCs,0.0,-0.0,-0.0
601,6,CA,CTCs,17807360.0,0.0026039493,0.0059922026
601,6,CA,CTCs and EITCs,47699970.0,0.0029457933,0.006775616
601,6,CA,EITCs,29894656.0,0.00016554716,0.00038220026
602,6,CA,CTCs,10407936.0,0.0029494995,0.0069955355
602,6,CA,CTCs and EITCs,31670272.0,0.0029494995,0.0069955355
602,6,CA,EITCs,21258240.0,0.00096143386,0.0028921827
603,6,CA,CTCs,7249920.0,0.0018210588,0.0058312323
603,6,CA,CTCs and EITCs,28491776.0,0.03160253,0.11934369
603,6,CA,EITCs,21250048.0,0.00045134567,0.0018966645
604,6,CA,CTCs,9687040.0,0.00035677536,0.0014333131
604,6,CA,CTCs and EITCs,33239040.0,0.01973528,0.07489562
604,6,CA,EITCs,23556096.0,-0.0,-0.0
605,6,CA,CTCs,8941568.0,0.0012362051,0.0038687163
605,6,CA,CTCs and EITCs,36163584.0,0.036627427,0.10658381
605,6,CA,EITCs,27226112.0,0.0012362051,0.0038687163
606,6,CA,CTCs,18927616.0,0.006666333,0.015073957
606,6,CA,CTCs and EITCs,52371456.0,0.049113534,0.105376095
606,6,CA,EITCs,33443840.0,0.004032868,0.009149765
607,6,CA,CTCs,16363520.0,0.0008616587,0.0022814563
607,6,CA,CTCs and EITCs,47802370.0,0.0008616587,0.0022814563
607,6,CA,EITCs,31438848.0,-0.0,-0.0
608,6,CA,CTCs,14729216.0,-0.0,-0.0
608,6,CA,CTCs and EITCs,40099840.0,0.0019508055,0.0044356138
608,6,CA,EITCs,25370624.0,0.0019508055,0.0044356138
609,6,CA,CTCs,16920576.0,0.0054998924,0.012379815
609,6,CA,CTCs and EITCs,50489344.0,0.0055218227,0.012428759
609,6,CA,EITCs,33568770.0,0.003740641,0.008438524
610,6,CA,CTCs,6557696.0,4.0646246e-05,0.00016842279
610,6,CA,CTCs and EITCs,24526848.0,4.0646246e-05,0.00016842279
610,6,CA,EITCs,17969152.0,-0.0,-0.0
611,6,CA,CTCs,5668864.0,-0.0,-0.0
611,6,CA,CTCs and EITCs,23822336.0,0.0050348104,0.029790679
611,6,CA,EITCs,18153472.0,0.00053686165,0.0032490764
612,6,CA,CTCs,11993088.0,0.00023124728,0.0009246818
612,6,CA,CTCs and EITCs,38121470.0,0.026176551,0.0971451
612,6,CA,EITCs,26124288.0,0.0019094717,0.007599915
613,6,CA,CTCs,28479488.0,0.01167378,0.023882702
613,6,CA,CTCs and EITCs,73474050.0,0.01167378,0.023882702
613,6,CA,EITCs,44996610.0,0.007453904,0.015317844
614,6,CA,CTCs,7999488.0,0.0016884388,0.00297206
614,6,CA,CTCs and EITCs,26071040.0,0.0027149338,0.005584604
614,6,CA,EITCs,18075648.0,0.0019960264,0.0037558759
615,6,CA,CTCs,6754304.0,0.0005549993,0.002168849
615,6,CA,CTCs and EITCs,23621632.0,0.0005549993,0.002168849
615,6,CA,EITCs,16859136.0,0.0005180086,0.002024407
616,6,CA,CTCs,5128192.0,0.0004530547,0.0016448093
616,6,CA,CTCs and EITCs,18989056.0,0.0008357928,0.0031955913
616,6,CA,EITCs,13860864.0,0.00030229965,0.0012279969
617,6,CA,CTCs,4599808.0,0.0006983904,0.0030796865
617,6,CA,CTCs and EITCs,19525632.0,0.001812688,0.009099625
617,6,CA,EITCs,14938112.0,0.00029913062,0.0016296204
618,6,CA,CTCs,19099648.0,0.004343651,0.0071319076
618,6,CA,CTCs and EITCs,47878144.0,0.006807884,0.011160108
618,6,CA,EITCs,28778496.0,0.0024856615,0.004086159
619,6,CA,CTCs,7368704.0,0.0007715748,0.003872601
619,6,CA,CTCs and EITCs,27193344.0,0.018864745,0.088259906
619,6,CA,EITCs,19824640.0,0.00075157377,0.0037723777
620,6,CA,CTCs,15323136.0,0.0021820657,0.0043341145
620,6,CA,CTCs and EITCs,48605184.0,0.0021820657,0.0043341145
620,6,CA,EITCs,33280000.0,-0.0,-0.0
621,6,CA,CTCs,33034240.0,0.0028961285,0.0053290655
621,6,CA,CTCs and EITCs,78655490.0,0.031535875,0.056662768
621,6,CA,EITCs,45623296.0,-0.0,-0.0
622,6,CA,CTCs,38924290.0,0.018691972,0.022125034
622,6,CA,CTCs and EITCs,86505470.0,0.02674062,0.036099903
622,6,CA,EITCs,47581184.0,0.008356884,0.014609564
623,6,CA,CTCs,22859776.0,0.009843011,0.016732346
623,6,CA,CTCs and EITCs,59377664.0,0.009843011,0.016732346
623,6,CA,EITCs,36519936.0,-0.0,-0.0
624,6,CA,CTCs,11583488.0,6.4709486e-05,0.00019078082
624,6,CA,CTCs and EITCs,35897344.0,0.014196043,0.040665027
624,6,CA,EITCs,24313856.0,0.0021747542,0.006374784
625,6,CA,CTCs,28788736.0,0.008679747,0.016937371
625,6,CA,CTCs and EITCs,70393860.0,0.008679747,0.016937371
625,6,CA,EITCs,41607170.0,0.0056621693,0.011081087
626,6,CA,CTCs,10338304.0,0.0008681524,0.002416352
626,6,CA,CTCs and EITCs,34226176.0,0.0015469783,0.0043007494
626,6,CA,EITCs,23883776.0,0.000734789,0.0020456733
627,6,CA,CTCs,13355008.0,0.00031848077,0.00082571607
627,6,CA,CTCs and EITCs,43898880.0,0.046557564,0.11242288
627,6,CA,EITCs,30543872.0,-0.0,-0.0
628,6,CA,CTCs,9302016.0,0.00044739727,0.0016402166
628,6,CA,CTCs and EITCs,33931264.0,0.0007343614,0.0026902417
628,6,CA,EITCs,24625152.0,0.0004385035,0.001607917
629,6,CA,CTCs,25526272.0,5.873492e-05,0.0001365301
629,6,CA,CTCs and EITCs,65533950.0,0.009207391,0.021142595
629,6,CA,EITCs,40005630.0,0.009057078,0.02080138
630,6,CA,CTCs,9248768.0,-0.0,-0.0
630,6,CA,CTCs and EITCs,35799040.0,0.0013565418,0.006687062
630,6,CA,EITCs,26554368.0,0.0013565418,0.006687062
631,6,CA,CTCs,16420864.0,0.00040747708,0.0012068308
631,6,CA,CTCs and EITCs,47554560.0,0.0067508523,0.019754028
631,6,CA,EITCs,31133696.0,0.006094164,0.017854843
632,6,CA,CTCs,10072064.0,9.566015e-06,3.710962e-05
632,6,CA,CTCs and EITCs,32903168.0,0.0017283711,0.006715727
632,6,CA,EITCs,22831104.0,0.0007412305,0.0028883847
633,6,CA,CTCs,24832000.0,0.0033115323,0.008021465
633,6,CA,CTCs and EITCs,66088960.0,0.011195086,0.026815994
633,6,CA,EITCs,41259010.0,0.007935818,0.01909679
634,6,CA,CTCs,19875840.0,3.2820513e-05,0.00010130922
634,6,CA,CTCs and EITCs,61683710.0,0.007829718,0.02376134
634,6,CA,EITCs,41805824.0,0.007797407,0.023664769
635,6,CA,CTCs,16932864.0,0.001821133,0.00423725
635,6,CA,CTCs and EITCs,55904256.0,0.009084522,0.020935602
635,6,CA,EITCs,38969344.0,0.0046389713,0.010753625
636,6,CA,CTCs,5177344.0,0.0006124458,0.0017848263
636,6,CA,CTCs and EITCs,20742144.0,0.0011882288,0.003773606
636,6,CA,EITCs,15556608.0,0.0006099783,0.0017768706
637,6,CA,CTCs,26058752.0,0.0003643971,0.0007971266
637,6,CA,CTCs and EITCs,70397950.0,0.0062514422,0.013583643
637,6,CA,EITCs,44335104.0,0.005891449,0.012806682
638,6,CA,CTCs,10379264.0,9.0055924e-05,0.0002819841
638,6,CA,CTCs and EITCs,37720064.0,9.0055924e-05,0.0002819841
638,6,CA,EITCs,27338752.0,-0.0,-0.0
639,6,CA,CTCs,18941952.0,0.004804392,0.009181172
639,6,CA,CTCs and EITCs,57329664.0,0.041404154,0.10560719
639,6,CA,EITCs,38389760.0,-0.0,-0.0
640,6,CA,CTCs,7839744.0,1.0698897e-05,2.8131537e-05
640,6,CA,CTCs and EITCs,24797184.0,0.03340376,0.0825099
640,6,CA,EITCs,16957440.0,0.0007455647,0.0019381578
641,6,CA,CTCs,9723904.0,0.003027738,0.0074757086
641,6,CA,CTCs and EITCs,37457920.0,0.008660913,0.027538523
641,6,CA,EITCs,27729920.0,0.0016828133,0.0061096624
642,6,CA,CTCs,18206720.0,0.0064284154,0.020082332
642,6,CA,CTCs and EITCs,55611390.0,0.0064284154,0.020082332
642,6,CA,EITCs,37408770.0,0.0063456623,0.019827636
643,6,CA,CTCs,24852480.0,0.0038863188,0.009180344
643,6,CA,CTCs and EITCs,66711550.0,0.014505684,0.033774935
643,6,CA,EITCs,41861120.0,0.010276365,0.024064543
644,6,CA,CTCs,18440192.0,0.00034122542,0.001019462
644,6,CA,CTCs and EITCs,57843710.0,0.00811969,0.023895351
644,6,CA,EITCs,39403520.0,0.007783755,0.022922067
645,6,CA,CTCs,13316096.0,4.8638685e-05,0.00012496526
645,6,CA,CTCs and EITCs,39788544.0,0.0010515031,0.0026982115
645,6,CA,EITCs,26472448.0,0.0007475565,0.001919103
646,6,CA,CTCs,16947200.0,0.00010913417,0.0003174742
646,6,CA,CTCs and EITCs,52846590.0,0.022574555,0.06295713
646,6,CA,EITCs,35899390.0,-0.0,-0.0
647,6,CA,CTCs,4603904.0,1.3297221e-05,6.171974e-05
647,6,CA,CTCs and EITCs,22167552.0,0.00017172856,0.0008002505
647,6,CA,EITCs,17563648.0,0.00015853626,0.00073862186
648,6,CA,CTCs,8269824.0,0.00088653865,0.0017445935
648,6,CA,CTCs and EITCs,29671424.0,0.04883893,0.13105643
648,6,CA,EITCs,21401600.0,0.0012693966,0.0028731476
649,6,CA,CTCs,6418432.0,2.8132989e-05,9.194286e-05
649,6,CA,CTCs and EITCs,22401024.0,0.0006610124,0.002154997
649,6,CA,EITCs,15982592.0,0.000632915,0.0020635333
650,6,CA,CTCs,5058560.0,0.000102681974,0.00056475
650,6,CA,CTCs and EITCs,24494080.0,0.008528916,0.04523322
650,6,CA,EITCs,19431424.0,7.4534495e-05,0.0004100438
651,6,CA,CTCs,12124160.0,0.0013989342,0.00329792
651,6,CA,CTCs and EITCs,35246080.0,0.03577958,0.08058551
651,6,CA,EITCs,23121920.0,0.0023576957,0.0055512097
652,6,CA,CTCs,18941952.0,0.019262254,0.03876036
652,6,CA,CTCs and EITCs,60100610.0,0.019262254,0.03876036
652,6,CA,EITCs,41156610.0,0.019211866,0.038660757
801,8,CO,CTCs,162631680.0,0.05200654,0.2737166
801,8,CO,CTCs and EITCs,193237000.0,0.052402556,0.27495435
801,8,CO,EITCs,30609408.0,-0.0,-0.0
802,8,CO,CTCs,101081090.0,0.04025441,0.19844979
802,8,CO,CTCs and EITCs,122433540.0,0.040413253,0.19905029
802,8,CO,EITCs,21356544.0,0.00694257,0.03714609
803,8,CO,CTCs,204697600.0,0.11718662,0.45088148
803,8,CO,CTCs and EITCs,245432320.0,0.11949594,0.4552016
803,8,CO,EITCs,40734720.0,0.017230123,0.07852924
804,8,CO,CTCs,148615170.0,0.06151648,0.3128959
804,8,CO,CTCs and EITCs,175730690.0,0.061736356,0.3134929
804,8,CO,EITCs,27111424.0,2.0003283e-06,-0.0
805,8,CO,CTCs,198823940.0,0.056381874,0.23812565
805,8,CO,CTCs and EITCs,235233280.0,0.05642572,0.23825173
805,8,CO,EITCs,36407296.0,0.0016694913,0.007289282
806,8,CO,CTCs,209817600.0,0.17711096,0.42954388
806,8,CO,CTCs and EITCs,249192450.0,0.17714615,0.4295891
806,8,CO,EITCs,39378944.0,0.033838533,0.08572152
807,8,CO,CTCs,142860290.0,0.09312813,0.46887466
807,8,CO,CTCs and EITCs,176803840.0,0.09363871,0.470062
807,8,CO,EITCs,33939456.0,0.0058587976,0.03848222
808,8,CO,CTCs,222236670.0,0.121461935,0.34480724
808,8,CO,CTCs and EITCs,252379140.0,0.12239089,0.34511828
808,8,CO,EITCs,30146560.0,0.013177215,0.034591515
901,9,CT,CTCs,0.0,-0.0,-0.0
901,9,CT,CTCs and EITCs,47636480.0,0.011093249,0.04884907
901,9,CT,EITCs,47636480.0,0.011093249,0.04884907
902,9,CT,CTCs,0.0,-0.0,-0.0
902,9,CT,CTCs and EITCs,33091584.0,0.04080906,0.14043207
902,9,CT,EITCs,33091584.0,0.04080906,0.14043207
903,9,CT,CTCs,0.0,-0.0,-0.0
903,9,CT,CTCs and EITCs,43962370.0,0.007984708,0.024451658
903,9,CT,EITCs,43962370.0,0.007984708,0.024451658
904,9,CT,CTCs,0.0,-0.0,-0.0
904,9,CT,CTCs and EITCs,35045376.0,0.008050347,0.028084861
904,9,CT,EITCs,35045376.0,0.008050347,0.028084861
905,9,CT,CTCs,0.0,-0.0,-0.0
905,9,CT,CTCs and EITCs,46694400.0,0.051871173,0.1392833
905,9,CT,EITCs,46694400.0,0.051871173,0.1392833
1001,10,DE,CTCs,0.0,-0.0,-0.0
1001,10,DE,CTCs and EITCs,0.0,-0.0,-0.0
1001,10,DE,EITCs,0.0,-0.0,-0.0
1101,11,DC,CTCs,16027648.0,-0.0,-0.0
1101,11,DC,CTCs and EITCs,136380420.0,0.015441113,0.028165245
1101,11,DC,EITCs,120356860.0,0.01009754,0.015872564
1201,12,FL,CTCs,0.0,-0.0,-0.0
1201,12,FL,CTCs and EITCs,0.0,-0.0,-0.0
1201,12,FL,EITCs,0.0,-0.0,-0.0
1202,12,FL,CTCs,0.0,-0.0,-0.0
1202,12,FL,CTCs and EITCs,0.0,-0.0,-0.0
1202,12,FL,EITCs,0.0,-0.0,-0.0
1203,12,FL,CTCs,0.0,-0.0,-0.0
1203,12,FL,CTCs and EITCs,0.0,-0.0,-0.0
1203,12,FL,EITCs,0.0,-0.0,-0.0
1204,12,FL,CTCs,0.0,-0.0,-0.0
1204,12,FL,CTCs and EITCs,0.0,-0.0,-0.0
1204,12,FL,EITCs,0.0,-0.0,-0.0
1205,12,FL,CTCs,0.0,-0.0,-0.0
1205,12,FL,CTCs and EITCs,0.0,-0.0,-0.0
1205,12,FL,EITCs,0.0,-0.0,-0.0
1206,12,FL,CTCs,0.0,-0.0,-0.0
1206,12,FL,CTCs and EITCs,0.0,-0.0,-0.0
1206,12,FL,EITCs,0.0,-0.0,-0.0
1207,12,FL,CTCs,0.0,-0.0,-0.0
1207,12,FL,CTCs and EITCs,0.0,-0.0,-0.0
1207,12,FL,EITCs,0.0,-0.0,-0.0
1208,12,FL,CTCs,0.0,-0.0,-0.0
1208,12,FL,CTCs and EITCs,0.0,-0.0,-0.0
1208,12,FL,EITCs,0.0,-0.0,-0.0
1209,12,FL,CTCs,0.0,-0.0,-0.0
1209,12,FL,CTCs and EITCs,0.0,-0.0,-0.0
1209,12,FL,EITCs,0.0,-0.0,-0.0
1210,12,FL,CTCs,0.0,-0.0,-0.0
1210,12,FL,CTCs and EITCs,0.0,-0.0,-0.0
1210,12,FL,EITCs,0.0,-0.0,-0.0
1211,12,FL,CTCs,0.0,-0.0,-0.0
1211,12,FL,CTCs and EITCs,0.0,-0.0,-0.0
1211,12,FL,EITCs,0.0,-0.0,-0.0
1212,12,FL,CTCs,0.0,-0.0,-0.0
1212,12,FL,CTCs and EITCs,0.0,-0.0,-0.0
1212,12,FL,EITCs,0.0,-0.0,-0.0
1213,12,FL,CTCs,0.0,-0.0,-0.0
1213,12,FL,CTCs and EITCs,0.0,-0.0,-0.0
1213,12,FL,EITCs,0.0,-0.0,-0.0
1214,12,FL,CTCs,0.0,-0.0,-0.0
1214,12,FL,CTCs and EITCs,0.0,-0.0,-0.0
1214,12,FL,EITCs,0.0,-0.0,-0.0
1215,12,FL,CTCs,0.0,-0.0,-0.0
1215,12,FL,CTCs and EITCs,0.0,-0.0,-0.0
1215,12,FL,EITCs,0.0,-0.0,-0.0
1216,12,FL,CTCs,0.0,-0.0,-0.0
1216,12,FL,CTCs and EITCs,0.0,-0.0,-0.0
1216,12,FL,EITCs,0.0,-0.0,-0.0
1217,12,FL,CTCs,0.0,-0.0,-0.0
1217,12,FL,CTCs and EITCs,0.0,-0.0,-0.0
1217,12,FL,EITCs,0.0,-0.0,-0.0
1218,12,FL,CTCs,0.0,-0.0,-0.0
1218,12,FL,CTCs and EITCs,0.0,-0.0,-0.0
1218,12,FL,EITCs,0.0,-0.0,-0.0
1219,12,FL,CTCs,0.0,-0.0,-0.0
1219,12,FL,CTCs and EITCs,0.0,-0.0,-0.0
1219,12,FL,EITCs,0.0,-0.0,-0.0
1220,12,FL,CTCs,0.0,-0.0,-0.0
1220,12,FL,CTCs and EITCs,0.0,-0.0,-0.0
1220,12,FL,EITCs,0.0,-0.0,-0.0
1221,12,FL,CTCs,0.0,-0.0,-0.0
1221,12,FL,CTCs and EITCs,0.0,-0.0,-0.0
1221,12,FL,EITCs,0.0,-0.0,-0.0
1222,12,FL,CTCs,0.0,-0.0,-0.0
1222,12,FL,CTCs and EITCs,0.0,-0.0,-0.0
1222,12,FL,EITCs,0.0,-0.0,-0.0
1223,12,FL,CTCs,0.0,-0.0,-0.0
1223,12,FL,CTCs and EITCs,0.0,-0.0,-0.0
1223,12,FL,EITCs,0.0,-0.0,-0.0
1224,12,FL,CTCs,0.0,-0.0,-0.0
1224,12,FL,CTCs and EITCs,0.0,-0.0,-0.0
1224,12,FL,EITCs,0.0,-0.0,-0.0
1225,12,FL,CTCs,0.0,-0.0,-0.0
1225,12,FL,CTCs and EITCs,0.0,-0.0,-0.0
1225,12,FL,EITCs,0.0,-0.0,-0.0
1226,12,FL,CTCs,0.0,-0.0,-0.0
1226,12,FL,CTCs and EITCs,0.0,-0.0,-0.0
1226,12,FL,EITCs,0.0,-0.0,-0.0
1227,12,FL,CTCs,0.0,-0.0,-0.0
1227,12,FL,CTCs and EITCs,0.0,-0.0,-0.0
1227,12,FL,EITCs,0.0,-0.0,-0.0
1228,12,FL,CTCs,0.0,-0.0,-0.0
1228,12,FL,CTCs and EITCs,0.0,-0.0,-0.0
1228,12,FL,EITCs,0.0,-0.0,-0.0
1301,13,GA,CTCs,0.0,-0.0,-0.0
1301,13,GA,CTCs and EITCs,0.0,-0.0,-0.0
1301,13,GA,EITCs,0.0,-0.0,-0.0
1302,13,GA,CTCs,0.0,-0.0,-0.0
1302,13,GA,CTCs and EITCs,0.0,-0.0,-0.0
1302,13,GA,EITCs,0.0,-0.0,-0.0
1303,13,GA,CTCs,0.0,-0.0,-0.0
1303,13,GA,CTCs and EITCs,0.0,-0.0,-0.0
1303,13,GA,EITCs,0.0,-0.0,-0.0
1304,13,GA,CTCs,0.0,-0.0,-0.0
1304,13,GA,CTCs and EITCs,0.0,-0.0,-0.0
1304,13,GA,EITCs,0.0,-0.0,-0.0
1305,13,GA,CTCs,0.0,-0.0,-0.0
1305,13,GA,CTCs and EITCs,0.0,-0.0,-0.0
1305,13,GA,EITCs,0.0,-0.0,-0.0
1306,13,GA,CTCs,0.0,-0.0,-0.0
1306,13,GA,CTCs and EITCs,0.0,-0.0,-0.0
1306,13,GA,EITCs,0.0,-0.0,-0.0
1307,13,GA,CTCs,0.0,-0.0,-0.0
1307,13,GA,CTCs and EITCs,0.0,-0.0,-0.0
1307,13,GA,EITCs,0.0,-0.0,-0.0
1308,13,GA,CTCs,0.0,-0.0,-0.0
1308,13,GA,CTCs and EITCs,0.0,-0.0,-0.0
1308,13,GA,EITCs,0.0,-0.0,-0.0
1309,13,GA,CTCs,0.0,-0.0,-0.0
1309,13,GA,CTCs and EITCs,0.0,-0.0,-0.0
1309,13,GA,EITCs,0.0,-0.0,-0.0
1310,13,GA,CTCs,0.0,-0.0,-0.0
1310,13,GA,CTCs and EITCs,0.0,-0.0,-0.0
1310,13,GA,EITCs,0.0,-0.0,-0.0
1311,13,GA,CTCs,0.0,-0.0,-0.0
1311,13,GA,CTCs and EITCs,0.0,-0.0,-0.0
1311,13,GA,EITCs,0.0,-0.0,-0.0
1312,13,GA,CTCs,0.0,-0.0,-0.0
1312,13,GA,CTCs and EITCs,0.0,-0.0,-0.0
1312,13,GA,EITCs,0.0,-0.0,-0.0
1313,13,GA,CTCs,0.0,-0.0,-0.0
1313,13,GA,CTCs and EITCs,0.0,-0.0,-0.0
1313,13,GA,EITCs,0.0,-0.0,-0.0
1314,13,GA,CTCs,0.0,-0.0,-0.0
1314,13,GA,CTCs and EITCs,0.0,-0.0,-0.0
1314,13,GA,EITCs,0.0,-0.0,-0.0
1501,15,HI,CTCs,0.0,-0.0,-0.0
1501,15,HI,CTCs and EITCs,37455870.0,0.051626366,0.12885654
1501,15,HI,EITCs,37455870.0,0.051626366,0.12885654
1502,15,HI,CTCs,0.0,-0.0,-0.0
1502,15,HI,CTCs and EITCs,48246784.0,0.0531621,0.18870604
1502,15,HI,EITCs,48246784.0,0.0531621,0.18870604
1601,16,ID,CTCs,31633408.0,-0.0,-0.0
1601,16,ID,CTCs and EITCs,31633408.0,-0.0,-0.0
1601,16,ID,EITCs,0.0,-0.0,-0.0
1602,16,ID,CTCs,29433856.0,-0.0,-0.0
1602,16,ID,CTCs and EITCs,29433856.0,-0.0,-0.0
1602,16,ID,EITCs,0.0,-0.0,-0.0
1701,17,IL,CTCs,12378112.0,-0.0,-0.0
1701,17,IL,CTCs and EITCs,54722560.0,0.023412576,0.0015584892
1701,17,IL,EITCs,54722560.0,0.023412576,0.0015584892
1702,17,IL,CTCs,15941632.0,-0.0,-0.0
1702,17,IL,CTCs and EITCs,67055616.0,0.045863107,0.027768435
1702,17,IL,EITCs,67055616.0,0.045863107,0.027768435
1703,17,IL,CTCs,7262208.0,6.885498e-06,8.182802e-06
1703,17,IL,CTCs and EITCs,31719424.0,0.01639186,1.1600894e-05
1703,17,IL,EITCs,31719424.0,0.01639186,1.1600894e-05
1704,17,IL,CTCs,8368128.0,-0.0,-0.0
1704,17,IL,CTCs and EITCs,38131710.0,0.032586034,0.034429558
1704,17,IL,EITCs,38131710.0,0.032586034,0.034429558
1705,17,IL,CTCs,4616192.0,8.946753e-06,1.6063674e-05
1705,17,IL,CTCs and EITCs,21041152.0,0.022522,0.076969795
1705,17,IL,EITCs,21041152.0,0.022522,0.076969795
1706,17,IL,CTCs,7593984.0,-0.0,-0.0
1706,17,IL,CTCs and EITCs,33902590.0,0.0132808965,0.009175419
1706,17,IL,EITCs,33902590.0,0.0132808965,0.009175419
1707,17,IL,CTCs,11886592.0,-0.0,-0.0
1707,17,IL,CTCs and EITCs,51777536.0,0.052575063,0.12844574
1707,17,IL,EITCs,51777536.0,0.052575063,0.12844574
1708,17,IL,CTCs,5611520.0,-0.0,-0.0
1708,17,IL,CTCs and EITCs,24911872.0,0.015970573,1.2050921e-05
1708,17,IL,EITCs,24911872.0,0.015970573,1.2050921e-05
1709,17,IL,CTCs,4935680.0,-0.0,-0.0
1709,17,IL,CTCs and EITCs,22065152.0,0.010188621,0.013702138
1709,17,IL,EITCs,22065152.0,0.010188621,0.013702138
1710,17,IL,CTCs,5918720.0,-0.0,-0.0
1710,17,IL,CTCs and EITCs,26439680.0,0.007726127,0.0012147714
1710,17,IL,EITCs,26439680.0,0.007726127,0.0012147714
1711,17,IL,CTCs,6553600.0,5.470924e-06,6.0607194e-06
1711,17,IL,CTCs and EITCs,29646848.0,0.007699969,0.0008010975
1711,17,IL,EITCs,29646848.0,0.007699969,0.0008010975
1712,17,IL,CTCs,8368128.0,0.020510327,0.062136877
1712,17,IL,CTCs and EITCs,40198144.0,0.044352733,0.067480214
1712,17,IL,EITCs,40198144.0,0.044352733,0.067480214
1713,17,IL,CTCs,8667136.0,-0.0,-0.0
1713,17,IL,CTCs and EITCs,38668290.0,0.031766616,0.045113225
1713,17,IL,EITCs,38668290.0,0.031766616,0.045113225
1714,17,IL,CTCs,4853760.0,-0.0,-0.0
1714,17,IL,CTCs and EITCs,23705600.0,0.019411448,3.9716073e-05
1714,17,IL,EITCs,23705600.0,0.019411448,3.9716073e-05
1715,17,IL,CTCs,7761920.0,5.9987283e-06,8.3757795e-06
1715,17,IL,CTCs and EITCs,35309570.0,0.017355526,8.3757795e-06
1715,17,IL,EITCs,35309570.0,0.017355526,8.3757795e-06
1716,17,IL,CTCs,6459392.0,-0.0,-0.0
1716,17,IL,CTCs and EITCs,30763008.0,0.024193276,0.02145687
1716,17,IL,EITCs,30763008.0,0.024193276,0.02145687
1717,17,IL,CTCs,10274816.0,0.020385018,0.05242323
1717,17,IL,CTCs and EITCs,44730370.0,0.04264343,0.05242323
1717,17,IL,EITCs,44730370.0,0.04264343,0.05242323
1801,18,IN,CTCs,0.0,-0.0,-0.0
1801,18,IN,CTCs and EITCs,16543744.0,-0.0,-0.0
1801,18,IN,EITCs,16543744.0,-0.0,-0.0
1802,18,IN,CTCs,0.0,-0.0,-0.0
1802,18,IN,CTCs and EITCs,14936064.0,0.0001398278,0.00031781435
1802,18,IN,EITCs,14936064.0,0.0001398278,0.00031781435
1803,18,IN,CTCs,0.0,-0.0,-0.0
1803,18,IN,CTCs and EITCs,14243840.0,-0.0,-0.0
1803,18,IN,EITCs,14243840.0,-0.0,-0.0
1804,18,IN,CTCs,0.0,-0.0,-0.0
1804,18,IN,CTCs and EITCs,11356160.0,-0.0,-0.0
1804,18,IN,EITCs,11356160.0,-0.0,-0.0
1805,18,IN,CTCs,0.0,-0.0,-0.0
1805,18,IN,CTCs and EITCs,10432512.0,-0.0,-0.0
1805,18,IN,EITCs,10432512.0,-0.0,-0.0
1806,18,IN,CTCs,0.0,-0.0,-0.0
1806,18,IN,CTCs and EITCs,13469696.0,8.6811546e-05,0.00026154233
1806,18,IN,EITCs,13469696.0,8.6811546e-05,0.00026154233
1807,18,IN,CTCs,0.0,-0.0,-0.0
1807,18,IN,CTCs and EITCs,23576576.0,0.06499712,0.13024321
1807,18,IN,EITCs,23576576.0,0.06499712,0.13024321
1808,18,IN,CTCs,0.0,-0.0,-0.0
1808,18,IN,CTCs and EITCs,13844480.0,-0.0,-0.0
1808,18,IN,EITCs,13844480.0,-0.0,-0.0
1809,18,IN,CTCs,0.0,-0.0,-0.0
1809,18,IN,CTCs and EITCs,13463552.0,0.00015527113,0.00044797477
1809,18,IN,EITCs,13463552.0,0.00015527113,0.00044797477
1901,19,IA,CTCs,0.0,-0.0,-0.0
1901,19,IA,CTCs and EITCs,18305024.0,0.019942148,0.059940778
1901,19,IA,EITCs,18305024.0,0.019942148,0.059940778
1902,19,IA,CTCs,0.0,-0.0,-0.0
1902,19,IA,CTCs and EITCs,17629184.0,-0.0,-0.0
1902,19,IA,EITCs,17629184.0,-0.0,-0.0
1903,19,IA,CTCs,0.0,-0.0,-0.0
1903,19,IA,CTCs and EITCs,17428480.0,0.021492064,0.064583376
1903,19,IA,EITCs,17428480.0,0.021492064,0.064583376
1904,19,IA,CTCs,0.0,-0.0,-0.0
1904,19,IA,CTCs and EITCs,17612800.0,0.022289747,0.068003014
1904,19,IA,EITCs,17612800.0,0.022289747,0.068003014
2001,20,KS,CTCs,0.0,-0.0,-0.0
2001,20,KS,CTCs and EITCs,20504576.0,-0.0,-0.0
2001,20,KS,EITCs,20504576.0,-0.0,-0.0
2002,20,KS,CTCs,0.0,-0.0,-0.0
2002,20,KS,CTCs and EITCs,20148224.0,0.00924986,0.038041495
2002,20,KS,EITCs,20148224.0,0.00924986,0.038041495
2003,20,KS,CTCs,0.0,-0.0,-0.0
2003,20,KS,CTCs and EITCs,15339520.0,0.035337813,0.07819594
2003,20,KS,EITCs,15339520.0,0.035337813,0.07819594
2004,20,KS,CTCs,0.0,-0.0,-0.0
2004,20,KS,CTCs and EITCs,25171968.0,-0.0,-0.0
2004,20,KS,EITCs,25171968.0,-0.0,-0.0
2101,21,KY,CTCs,0.0,-0.0,-0.0
2101,21,KY,CTCs and EITCs,0.0,-0.0,-0.0
2101,21,KY,EITCs,0.0,-0.0,-0.0
2102,21,KY,CTCs,0.0,-0.0,-0.0
2102,21,KY,CTCs and EITCs,0.0,-0.0,-0.0
2102,21,KY,EITCs,0.0,-0.0,-0.0
2103,21,KY,CTCs,0.0,-0.0,-0.0
2103,21,KY,CTCs and EITCs,0.0,-0.0,-0.0
2103,21,KY,EITCs,0.0,-0.0,-0.0
2104,21,KY,CTCs,0.0,-0.0,-0.0
2104,21,KY,CTCs and EITCs,0.0,-0.0,-0.0
2104,21,KY,EITCs,0.0,-0.0,-0.0
2105,21,KY,CTCs,0.0,-0.0,-0.0
2105,21,KY,CTCs and EITCs,0.0,-0.0,-0.0
2105,21,KY,EITCs,0.0,-0.0,-0.0
2106,21,KY,CTCs,0.0,-0.0,-0.0
2106,21,KY,CTCs and EITCs,0.0,-0.0,-0.0
2106,21,KY,EITCs,0.0,-0.0,-0.0
2201,22,LA,CTCs,0.0,-0.0,-0.0
2201,22,LA,CTCs and EITCs,9588736.0,-0.0,-0.0
2201,22,LA,EITCs,9588736.0,-0.0,-0.0
2202,22,LA,CTCs,0.0,-0.0,-0.0
2202,22,LA,CTCs and EITCs,15691776.0,0.03240833,0.07497881
2202,22,LA,EITCs,15691776.0,0.03240833,0.07497881
2203,22,LA,CTCs,0.0,-0.0,-0.0
2203,22,LA,CTCs and EITCs,12734464.0,-0.0,-0.0
2203,22,LA,EITCs,12734464.0,-0.0,-0.0
2204,22,LA,CTCs,0.0,-0.0,-0.0
2204,22,LA,CTCs and EITCs,13324288.0,0.035964213,0.09296829
2204,22,LA,EITCs,13324288.0,0.035964213,0.09296829
2205,22,LA,CTCs,0.0,-0.0,-0.0
2205,22,LA,CTCs and EITCs,11958272.0,6.2210092e-06,8.646644e-06
2205,22,LA,EITCs,11958272.0,6.2210092e-06,8.646644e-06
2206,22,LA,CTCs,0.0,-0.0,-0.0
2206,22,LA,CTCs and EITCs,14702592.0,3.2081985e-07,2.9462882e-07
2206,22,LA,EITCs,14702592.0,3.2081985e-07,2.9462882e-07
2301,23,ME,CTCs,0.0,-0.0,-0.0
2301,23,ME,CTCs and EITCs,20312064.0,0.00015456762,0.00044623678
2301,23,ME,EITCs,20312064.0,0.00015456762,0.00044623678
2302,23,ME,CTCs,0.0,-0.0,-0.0
2302,23,ME,CTCs and EITCs,29458432.0,0.000107212676,0.00019115314
2302,23,ME,EITCs,29458432.0,0.000107212676,0.00019115314
2401,24,MD,CTCs,6004736.0,-0.0,-0.0
2401,24,MD,CTCs and EITCs,6004736.0,-0.0,-0.0
2401,24,MD,EITCs,0.0,-0.0,-0.0
2402,24,MD,CTCs,4427776.0,-0.0,-0.0
2402,24,MD,CTCs and EITCs,4427776.0,-0.0,-0.0
2402,24,MD,EITCs,0.0,-0.0,-0.0
2403,24,MD,CTCs,4452352.0,-0.0,-0.0
2403,24,MD,CTCs and EITCs,4452352.0,-0.0,-0.0
2403,24,MD,EITCs,0.0,-0.0,-0.0
2404,24,MD,CTCs,8282112.0,-0.0,-0.0
2404,24,MD,CTCs and EITCs,8282112.0,-0.0,-0.0
2404,24,MD,EITCs,0.0,-0.0,-0.0
2405,24,MD,CTCs,4395008.0,-0.0,-0.0
2405,24,MD,CTCs and EITCs,4395008.0,-0.0,-0.0
2405,24,MD,EITCs,0.0,-0.0,-0.0
2406,24,MD,CTCs,6262784.0,-0.0,-0.0
2406,24,MD,CTCs and EITCs,6262784.0,-0.0,-0.0
2406,24,MD,EITCs,0.0,-0.0,-0.0
2407,24,MD,CTCs,12857344.0,-0.0,-0.0
2407,24,MD,CTCs and EITCs,12857344.0,-0.0,-0.0
2407,24,MD,EITCs,0.0,-0.0,-0.0
2408,24,MD,CTCs,4157440.0,-0.0,-0.0
2408,24,MD,CTCs and EITCs,4157440.0,-0.0,-0.0
2408,24,MD,EITCs,0.0,-0.0,-0.0
2501,25,MA,CTCs,0.0,-0.0,-0.0
2501,25,MA,CTCs and EITCs,57704450.0,0.029173402,0.0711537
2501,25,MA,EITCs,57704450.0,0.029173402,0.0711537
2502,25,MA,CTCs,0.0,-0.0,-0.0
2502,25,MA,CTCs and EITCs,37318656.0,0.018466685,0.05736653
2502,25,MA,EITCs,37318656.0,0.018466685,0.05736653
2503,25,MA,CTCs,0.0,-0.0,-0.0
2503,25,MA,CTCs and EITCs,46432256.0,0.024408184,0.054841816
2503,25,MA,EITCs,46432256.0,0.024408184,0.054841816
2504,25,MA,CTCs,0.0,-0.0,-0.0
2504,25,MA,CTCs and EITCs,24485888.0,0.012001756,0.027574958
2504,25,MA,EITCs,24485888.0,0.012001756,0.027574958
2505,25,MA,CTCs,0.0,-0.0,-0.0
2505,25,MA,CTCs and EITCs,22814720.0,0.012397034,0.036549553
2505,25,MA,EITCs,22814720.0,0.012397034,0.036549553
2506,25,MA,CTCs,0.0,-0.0,-0.0
2506,25,MA,CTCs and EITCs,28102656.0,0.015979718,0.039480906
2506,25,MA,EITCs,28102656.0,0.015979718,0.039480906
2507,25,MA,CTCs,0.0,-0.0,-0.0
2507,25,MA,CTCs and EITCs,46743550.0,4.891736e-05,0.00017156628
2507,25,MA,EITCs,46743550.0,4.891736e-05,0.00017156628
2508,25,MA,CTCs,0.0,-0.0,-0.0
2508,25,MA,CTCs and EITCs,33370112.0,0.01882949,0.053041127
2508,25,MA,EITCs,33370112.0,0.01882949,0.053041127
2509,25,MA,CTCs,0.0,-0.0,-0.0
2509,25,MA,CTCs and EITCs,34111490.0,0.0052812067,0.010076667
2509,25,MA,EITCs,34111490.0,0.0052812067,0.010076667
2601,26,MI,CTCs,0.0,-0.0,-0.0
2601,26,MI,CTCs and EITCs,35696640.0,0.017292958,0.062544316
2601,26,MI,EITCs,35696640.0,0.017292958,0.062544316
2602,26,MI,CTCs,0.0,-0.0,-0.0
2602,26,MI,CTCs and EITCs,41199616.0,0.023442868,0.07446466
2602,26,MI,EITCs,41199616.0,0.023442868,0.07446466
2603,26,MI,CTCs,0.0,-0.0,-0.0
2603,26,MI,CTCs and EITCs,40292350.0,0.020381076,0.05513915
2603,26,MI,EITCs,40292350.0,0.020381076,0.05513915
2604,26,MI,CTCs,0.0,-0.0,-0.0
2604,26,MI,CTCs and EITCs,37730304.0,0.022266787,0.060372923
2604,26,MI,EITCs,37730304.0,0.022266787,0.060372923
2605,26,MI,CTCs,0.0,-0.0,-0.0
2605,26,MI,CTCs and EITCs,41811970.0,0.018550443,0.047510672
2605,26,MI,EITCs,41811970.0,0.018550443,0.047510672
2606,26,MI,CTCs,0.0,-0.0,-0.0
2606,26,MI,CTCs and EITCs,35262464.0,0.025680928,0.090289146
2606,26,MI,EITCs,35262464.0,0.025680928,0.090289146
2607,26,MI,CTCs,0.0,-0.0,-0.0
2607,26,MI,CTCs and EITCs,32428032.0,0.027870502,0.10428801
2607,26,MI,EITCs,32428032.0,0.027870502,0.10428801
2608,26,MI,CTCs,0.0,-0.0,-0.0
2608,26,MI,CTCs and EITCs,57520130.0,0.028126238,0.07436848
2608,26,MI,EITCs,57520130.0,0.028126238,0.07436848
2609,26,MI,CTCs,0.0,-0.0,-0.0
2609,26,MI,CTCs and EITCs,34918400.0,0.018279666,0.05430847
2609,26,MI,EITCs,34918400.0,0.018279666,0.05430847
2610,26,MI,CTCs,0.0,-0.0,-0.0
2610,26,MI,CTCs and EITCs,42475520.0,0.023638196,0.06882451
2610,26,MI,EITCs,42475520.0,0.023638196,0.06882451
2611,26,MI,CTCs,0.0,-0.0,-0.0
2611,26,MI,CTCs and EITCs,49102850.0,0.036875386,0.09599382
2611,26,MI,EITCs,49102850.0,0.036875386,0.09599382
2612,26,MI,CTCs,0.0,-0.0,-0.0
2612,26,MI,CTCs and EITCs,80986110.0,0.022777889,0.0507621
2612,26,MI,EITCs,80986110.0,0.022777889,0.0507621
2613,26,MI,CTCs,0.0,-0.0,-0.0
2613,26,MI,CTCs and EITCs,76689410.0,0.017837683,0.03655065
2613,26,MI,EITCs,76689410.0,0.017837683,0.03655065
2701,27,MN,CTCs,134559740.0,0.10250149,0.35691285
2701,27,MN,CTCs and EITCs,134559740.0,0.10250149,0.35691285
2701,27,MN,EITCs,0.0,-0.0,-0.0
2702,27,MN,CTCs,114929660.0,0.05321657,0.19380191
2702,27,MN,CTCs and EITCs,114929660.0,0.05321657,0.19380191
2702,27,MN,EITCs,0.0,-0.0,-0.0
2703,27,MN,CTCs,108208130.0,0.07892256,0.20197609
2703,27,MN,CTCs and EITCs,108208130.0,0.07892256,0.20197609
2703,27,MN,EITCs,0.0,-0.0,-0.0
2704,27,MN,CTCs,163598340.0,0.07270847,0.20061387
2704,27,MN,CTCs and EITCs,163598340.0,0.07270847,0.20061387
2704,27,MN,EITCs,0.0,-0.0,-0.0
2705,27,MN,CTCs,155664380.0,0.07577215,0.24044456
2705,27,MN,CTCs and EITCs,155664380.0,0.07577215,0.24044456
2705,27,MN,EITCs,0.0,-0.0,-0.0
2706,27,MN,CTCs,134123520.0,0.055955164,0.1774476
2706,27,MN,CTCs and EITCs,134123520.0,0.055955164,0.1774476
2706,27,MN,EITCs,0.0,-0.0,-0.0
2707,27,MN,CTCs,152930300.0,0.10569839,0.34642002
2707,27,MN,CTCs and EITCs,152930300.0,0.10569839,0.34642002
2707,27,MN,EITCs,0.0,-0.0,-0.0
2708,27,MN,CTCs,136529920.0,0.09472505,0.3709749
2708,27,MN,CTCs and EITCs,136529920.0,0.09472505,0.3709749
2708,27,MN,EITCs,0.0,-0.0,-0.0
2801,28,MS,CTCs,0.0,-0.0,-0.0
2801,28,MS,CTCs and EITCs,0.0,-0.0,-0.0
2801,28,MS,EITCs,0.0,-0.0,-0.0
2802,28,MS,CTCs,0.0,-0.0,-0.0
2802,28,MS,CTCs and EITCs,0.0,-0.0,-0.0
2802,28,MS,EITCs,0.0,-0.0,-0.0
2803,28,MS,CTCs,0.0,-0.0,-0.0
2803,28,MS,CTCs and EITCs,0.0,-0.0,-0.0
2803,28,MS,EITCs,0.0,-0.0,-0.0
2804,28,MS,CTCs,0.0,-0.0,-0.0
2804,28,MS,CTCs and EITCs,0.0,-0.0,-0.0
2804,28,MS,EITCs,0.0,-0.0,-0.0
2901,29,MO,CTCs,0.0,-0.0,-0.0
2901,29,MO,CTCs and EITCs,8517632.0,0.033421207,0.071459256
2901,29,MO,EITCs,8517632.0,0.033421207,0.071459256
2902,29,MO,CTCs,0.0,-0.0,-0.0
2902,29,MO,CTCs and EITCs,3555328.0,-0.0,-0.0
2902,29,MO,EITCs,3555328.0,-0.0,-0.0
2903,29,MO,CTCs,0.0,-0.0,-0.0
2903,29,MO,CTCs and EITCs,6389760.0,-0.0,-0.0
2903,29,MO,EITCs,6389760.0,-0.0,-0.0
2904,29,MO,CTCs,0.0,-0.0,-0.0
2904,29,MO,CTCs and EITCs,6694912.0,-0.0,-0.0
2904,29,MO,EITCs,6694912.0,-0.0,-0.0
2905,29,MO,CTCs,0.0,-0.0,-0.0
2905,29,MO,CTCs and EITCs,7311360.0,0.034963775,0.09338188
2905,29,MO,EITCs,7311360.0,0.034963775,0.09338188
2906,29,MO,CTCs,0.0,-0.0,-0.0
2906,29,MO,CTCs and EITCs,6367232.0,0.02246005,0.07460565
2906,29,MO,EITCs,6367232.0,0.02246005,0.07460565
2907,29,MO,CTCs,0.0,-0.0,-0.0
2907,29,MO,CTCs and EITCs,8562688.0,-0.0,-0.0
2907,29,MO,EITCs,8562688.0,-0.0,-0.0
2908,29,MO,CTCs,0.0,-0.0,-0.0
2908,29,MO,CTCs and EITCs,7032832.0,0.01962793,0.053524304
2908,29,MO,EITCs,7032832.0,0.01962793,0.053524304
3001,30,MT,CTCs,0.0,-0.0,-0.0
3001,30,MT,CTCs and EITCs,6492160.0,0.00015201926,0.0007243845
3001,30,MT,EITCs,6492160.0,0.00015201926,0.0007243845
3002,30,MT,CTCs,0.0,-0.0,-0.0
3002,30,MT,CTCs and EITCs,10065920.0,0.015014195,0.0338167
3002,30,MT,EITCs,10065920.0,0.015014195,0.0338167
3101,31,NE,CTCs,0.0,-0.0,-0.0
3101,31,NE,CTCs and EITCs,8876032.0,-0.0,-0.0
3101,31,NE,EITCs,8876032.0,-0.0,-0.0
3102,31,NE,CTCs,0.0,-0.0,-0.0
3102,31,NE,CTCs and EITCs,10366976.0,-0.0,-0.0
3102,31,NE,EITCs,10366976.0,-0.0,-0.0
3103,31,NE,CTCs,0.0,-0.0,-0.0
3103,31,NE,CTCs and EITCs,11333632.0,-0.0,-0.0
3103,31,NE,EITCs,11333632.0,-0.0,-0.0
3201,32,NV,CTCs,0.0,-0.0,-0.0
3201,32,NV,CTCs and EITCs,0.0,-0.0,-0.0
3201,32,NV,EITCs,0.0,-0.0,-0.0
3202,32,NV,CTCs,0.0,-0.0,-0.0
3202,32,NV,CTCs and EITCs,0.0,-0.0,-0.0
3202,32,NV,EITCs,0.0,-0.0,-0.0
3203,32,NV,CTCs,0.0,-0.0,-0.0
3203,32,NV,CTCs and EITCs,0.0,-0.0,-0.0
3203,32,NV,EITCs,0.0,-0.0,-0.0
3204,32,NV,CTCs,0.0,-0.0,-0.0
3204,32,NV,CTCs and EITCs,0.0,-0.0,-0.0
3204,32,NV,EITCs,0.0,-0.0,-0.0
3301,33,NH,CTCs,0.0,-0.0,-0.0
3301,33,NH,CTCs and EITCs,0.0,-0.0,-0.0
3301,33,NH,EITCs,0.0,-0.0,-0.0
3302,33,NH,CTCs,0.0,-0.0,-0.0
3302,33,NH,CTCs and EITCs,0.0,-0.0,-0.0
3302,33,NH,EITCs,0.0,-0.0,-0.0
3401,34,NJ,CTCs,26124288.0,0.04466944,0.19371557
3401,34,NJ,CTCs and EITCs,117497860.0,0.080795,0.25228932
3401,34,NJ,EITCs,91373570.0,0.05430655,0.19295219
3402,34,NJ,CTCs,25591808.0,0.03262614,0.15517893
3402,34,NJ,CTCs and EITCs,120913920.0,0.07407677,0.21729559
3402,34,NJ,EITCs,95322110.0,0.049086675,0.15238234
3403,34,NJ,CTCs,18501632.0,0.02687961,0.12911901
3403,34,NJ,CTCs and EITCs,83537920.0,0.056367323,0.17869245
3403,34,NJ,EITCs,65040384.0,0.03755835,0.12880202
3404,34,NJ,CTCs,30900224.0,0.057606176,0.1822061
3404,34,NJ,CTCs and EITCs,96215040.0,0.07336049,0.1888298
3404,34,NJ,EITCs,65314816.0,0.06924679,0.18159893
3405,34,NJ,CTCs,14213120.0,0.024728306,0.12109936
3405,34,NJ,CTCs and EITCs,76308480.0,0.073314376,0.23542127
3405,34,NJ,EITCs,62095360.0,0.0446871,0.16529389
3406,34,NJ,CTCs,21377024.0,0.029672451,0.15251051
3406,34,NJ,CTCs and EITCs,97783810.0,0.08460622,0.2824539
3406,34,NJ,EITCs,76406780.0,0.033297244,0.15263693
3407,34,NJ,CTCs,13225984.0,0.023563154,0.12326475
3407,34,NJ,CTCs and EITCs,66899970.0,0.05079771,0.215747
3407,34,NJ,EITCs,53673984.0,0.050049666,0.21389657
3408,34,NJ,CTCs,32468992.0,0.009032498,0.051642407
3408,34,NJ,CTCs and EITCs,135974910.0,0.065097325,0.1846051
3408,34,NJ,EITCs,103505920.0,0.016886394,0.051332902
3409,34,NJ,CTCs,33710080.0,0.02896654,0.13764842
3409,34,NJ,CTCs and EITCs,133808130.0,0.10419746,0.2762061
3409,34,NJ,EITCs,100098050.0,0.047577087,0.13633361
3410,34,NJ,CTCs,34422784.0,0.022459958,0.090435855
3410,34,NJ,CTCs and EITCs,145305600.0,0.081475064,0.20031126
3410,34,NJ,EITCs,110874620.0,0.056597374,0.1457534
3411,34,NJ,CTCs,14340096.0,0.03499173,0.14867863
3411,34,NJ,CTCs and EITCs,69652480.0,0.091996,0.2822714
3411,34,NJ,EITCs,55316480.0,0.049184557,0.19607075
3412,34,NJ,CTCs,19927040.0,0.026783098,0.12061883
3412,34,NJ,CTCs and EITCs,87953410.0,0.057961352,0.17295451
3412,34,NJ,EITCs,68030460.0,0.037012987,0.12061792
3501,35,NM,CTCs,47009790.0,0.00028849306,0.001084585
3501,35,NM,CTCs and EITCs,89954300.0,0.0089053335,0.021521313
3501,35,NM,EITCs,42942464.0,0.008679807,0.020728104
3502,35,NM,CTCs,66119680.0,0.0021851626,0.006297768
3502,35,NM,CTCs and EITCs,118554620.0,0.0024750847,0.0071296254
3502,35,NM,EITCs,52432896.0,-0.0,-0.0
3503,35,NM,CTCs,62287870.0,-0.0,-0.0
3503,35,NM,CTCs and EITCs,119801860.0,0.056561537,0.13485712
3503,35,NM,EITCs,57511936.0,-0.0,-0.0
3601,36,NY,CTCs,30932992.0,0.022851681,0.13789815
3601,36,NY,CTCs and EITCs,53264384.0,0.026428187,0.15552738
3601,36,NY,EITCs,22331392.0,0.022856094,0.13791262
3602,36,NY,CTCs,45912064.0,0.030837052,0.11968063
3602,36,NY,CTCs and EITCs,76189700.0,0.039655015,0.14858267
3602,36,NY,EITCs,30281728.0,0.030604947,0.11915911
3603,36,NY,CTCs,31391744.0,0.025035735,0.11475699
3603,36,NY,CTCs and EITCs,58327040.0,0.032980226,0.14545068
3603,36,NY,EITCs,26943488.0,0.025021728,0.11471983
3604,36,NY,CTCs,42602496.0,0.045373756,0.19010265
3604,36,NY,CTCs and EITCs,77078530.0,0.060743067,0.23916256
3604,36,NY,EITCs,34476030.0,0.045633245,0.1906846
3605,36,NY,CTCs,62519296.0,0.012853623,0.047518224
3605,36,NY,CTCs and EITCs,116008960.0,0.024684586,0.09322168
3605,36,NY,EITCs,53489664.0,0.012431449,0.046160374
3606,36,NY,CTCs,50792450.0,0.019331476,0.11631541
3606,36,NY,CTCs and EITCs,101976060.0,0.019331476,0.11631541
3606,36,NY,EITCs,51181570.0,0.019301606,0.116197534
3607,36,NY,CTCs,54431744.0,0.033187352,0.15696302
3607,36,NY,CTCs and EITCs,108199940.0,0.0417044,0.19113344
3607,36,NY,EITCs,53764096.0,0.033177894,0.15693673
3608,36,NY,CTCs,68548610.0,0.02245497,0.062616885
3608,36,NY,CTCs and EITCs,126248960.0,0.022498235,0.062695086
3608,36,NY,EITCs,57700350.0,0.018144926,0.054800116
3609,36,NY,CTCs,69492740.0,0.02808854,0.07843798
3609,36,NY,CTCs and EITCs,123564030.0,0.031169068,0.08615049
3609,36,NY,EITCs,54075390.0,0.027094398,0.07676875
3610,36,NY,CTCs,42172416.0,0.01144288,0.06832893
3610,36,NY,CTCs and EITCs,89448450.0,0.024085876,0.13132763
3610,36,NY,EITCs,47284224.0,0.01144288,0.06832893
3611,36,NY,CTCs,52924416.0,0.032908395,0.12730281
3611,36,NY,CTCs and EITCs,107622400.0,0.032908395,0.12730281
3611,36,NY,EITCs,54693890.0,0.03284008,0.12715201
3612,36,NY,CTCs,21667840.0,0.013904597,0.108910985
3612,36,NY,CTCs and EITCs,45236224.0,0.016628595,0.12669347
3612,36,NY,EITCs,23576576.0,0.013913341,0.108949624
3613,36,NY,CTCs,60389376.0,0.022108464,0.083011225
3613,36,NY,CTCs and EITCs,144232450.0,0.022108464,0.083011225
3613,36,NY,EITCs,83843070.0,0.022101387,0.082986325
3614,36,NY,CTCs,65763330.0,0.014192137,0.040885095
3614,36,NY,CTCs and EITCs,138027000.0,0.026826413,0.091833696
3614,36,NY,EITCs,72263680.0,0.0141696185,0.04082172
3615,36,NY,CTCs,83435520.0,0.019563228,0.040672876
3615,36,NY,CTCs and EITCs,174338050.0,0.024799919,0.056473106
3615,36,NY,EITCs,90902530.0,0.01947531,0.040493887
3616,36,NY,CTCs,44781570.0,0.018015167,0.07685167
3616,36,NY,CTCs and EITCs,86413310.0,0.035136595,0.14319028
3616,36,NY,EITCs,41631744.0,0.01791703,0.07658308
3617,36,NY,CTCs,52019200.0,0.048550054,0.16119468
3617,36,NY,CTCs and EITCs,84312060.0,0.054143243,0.17533444
3617,36,NY,EITCs,32296960.0,0.048475374,0.16105762
3618,36,NY,CTCs,52600830.0,0.03457073,0.12199712
3618,36,NY,CTCs and EITCs,86450180.0,0.039799,0.1379962
3618,36,NY,EITCs,33853440.0,0.033828896,0.120462395
3619,36,NY,CTCs,47681536.0,0.036109798,0.17887278
3619,36,NY,CTCs and EITCs,82161660.0,0.036109798,0.17887278
3619,36,NY,EITCs,34480130.0,0.035457704,0.17705774
3620,36,NY,CTCs,44978176.0,0.032693777,0.1522288
3620,36,NY,CTCs and EITCs,79360000.0,0.03471262,0.16012388
3620,36,NY,EITCs,34377730.0,0.031658713,0.14950475
3621,36,NY,CTCs,51937280.0,0.036747653,0.18056919
3621,36,NY,CTCs and EITCs,90890240.0,0.04555273,0.21697117
3621,36,NY,EITCs,38957056.0,0.03173833,0.16607502
3622,36,NY,CTCs,54525950.0,0.040565606,0.16590133
3622,36,NY,CTCs and EITCs,94935040.0,0.040937245,0.16650407
3622,36,NY,EITCs,40407040.0,0.03763884,0.15873997
3623,36,NY,CTCs,48773120.0,0.045303583,0.23943268
3623,36,NY,CTCs and EITCs,84527100.0,0.050605915,0.2603703
3623,36,NY,EITCs,35756030.0,0.039527256,0.22299084
3624,36,NY,CTCs,46016510.0,0.02529372,0.1304148
3624,36,NY,CTCs and EITCs,74041340.0,0.02529372,0.1304148
3624,36,NY,EITCs,28022784.0,0.021561332,0.11883508
3625,36,NY,CTCs,49201150.0,0.0298015,0.1188133
3625,36,NY,CTCs and EITCs,89772030.0,0.0298015,0.1188133
3625,36,NY,EITCs,40570880.0,0.029113427,0.11716315
3626,36,NY,CTCs,56522750.0,0.04068827,0.15977125
3626,36,NY,CTCs and EITCs,106174460.0,0.043311357,0.16860168
3626,36,NY,EITCs,49651710.0,0.036682747,0.15013511
3701,37,NC,CTCs,0.0,-0.0,-0.0
3701,37,NC,CTCs and EITCs,0.0,-0.0,-0.0
3701,37,NC,EITCs,0.0,-0.0,-0.0
3702,37,NC,CTCs,0.0,-0.0,-0.0
3702,37,NC,CTCs and EITCs,0.0,-0.0,-0.0
3702,37,NC,EITCs,0.0,-0.0,-0.0
3703,37,NC,CTCs,0.0,-0.0,-0.0
3703,37,NC,CTCs and EITCs,0.0,-0.0,-0.0
3703,37,NC,EITCs,0.0,-0.0,-0.0
3704,37,NC,CTCs,0.0,-0.0,-0.0
3704,37,NC,CTCs and EITCs,0.0,-0.0,-0.0
3704,37,NC,EITCs,0.0,-0.0,-0.0
3705,37,NC,CTCs,0.0,-0.0,-0.0
3705,37,NC,CTCs and EITCs,0.0,-0.0,-0.0
3705,37,NC,EITCs,0.0,-0.0,-0.0
3706,37,NC,CTCs,0.0,-0.0,-0.0
3706,37,NC,CTCs and EITCs,0.0,-0.0,-0.0
3706,37,NC,EITCs,0.0,-0.0,-0.0
3707,37,NC,CTCs,0.0,-0.0,-0.0
3707,37,NC,CTCs and EITCs,0.0,-0.0,-0.0
3707,37,NC,EITCs,0.0,-0.0,-0.0
3708,37,NC,CTCs,0.0,-0.0,-0.0
3708,37,NC,CTCs and EITCs,0.0,-0.0,-0.0
3708,37,NC,EITCs,0.0,-0.0,-0.0
3709,37,NC,CTCs,0.0,-0.0,-0.0
3709,37,NC,CTCs and EITCs,0.0,-0.0,-0.0
3709,37,NC,EITCs,0.0,-0.0,-0.0
3710,37,NC,CTCs,0.0,-0.0,-0.0
3710,37,NC,CTCs and EITCs,0.0,-0.0,-0.0
3710,37,NC,EITCs,0.0,-0.0,-0.0
3711,37,NC,CTCs,0.0,-0.0,-0.0
3711,37,NC,CTCs and EITCs,0.0,-0.0,-0.0
3711,37,NC,EITCs,0.0,-0.0,-0.0
3712,37,NC,CTCs,0.0,-0.0,-0.0
3712,37,NC,CTCs and EITCs,0.0,-0.0,-0.0
3712,37,NC,EITCs,0.0,-0.0,-0.0
3713,37,NC,CTCs,0.0,-0.0,-0.0
3713,37,NC,CTCs and EITCs,0.0,-0.0,-0.0
3713,37,NC,EITCs,0.0,-0.0,-0.0
3714,37,NC,CTCs,0.0,-0.0,-0.0
3714,37,NC,CTCs and EITCs,0.0,-0.0,-0.0
3714,37,NC,EITCs,0.0,-0.0,-0.0
3801,38,ND,CTCs,0.0,-0.0,-0.0
3801,38,ND,CTCs and EITCs,0.0,-0.0,-0.0
3801,38,ND,EITCs,0.0,-0.0,-0.0
3901,39,OH,CTCs,0.0,-0.0,-0.0
3901,39,OH,CTCs and EITCs,6959104.0,0.029643154,0.08115673
3901,39,OH,EITCs,6959104.0,0.029643154,0.08115673
3902,39,OH,CTCs,0.0,-0.0,-0.0
3902,39,OH,CTCs and EITCs,4763648.0,0.017168585,0.04315675
3902,39,OH,EITCs,4763648.0,0.017168585,0.04315675
3903,39,OH,CTCs,0.0,-0.0,-0.0
3903,39,OH,CTCs and EITCs,10649600.0,-0.0,-0.0
3903,39,OH,EITCs,10649600.0,-0.0,-0.0
3904,39,OH,CTCs,0.0,-0.0,-0.0
3904,39,OH,CTCs and EITCs,5345280.0,-0.0,-0.0
3904,39,OH,EITCs,5345280.0,-0.0,-0.0
3905,39,OH,CTCs,0.0,-0.0,-0.0
3905,39,OH,CTCs and EITCs,6594560.0,-0.0,-0.0
3905,39,OH,EITCs,6594560.0,-0.0,-0.0
3906,39,OH,CTCs,0.0,-0.0,-0.0
3906,39,OH,CTCs and EITCs,6344704.0,-0.0,-0.0
3906,39,OH,EITCs,6344704.0,-0.0,-0.0
3907,39,OH,CTCs,0.0,-0.0,-0.0
3907,39,OH,CTCs and EITCs,5451776.0,0.022232182,0.054630894
3907,39,OH,EITCs,5451776.0,0.022232182,0.054630894
3908,39,OH,CTCs,0.0,-0.0,-0.0
3908,39,OH,CTCs and EITCs,7061504.0,0.022465784,0.0516871
3908,39,OH,EITCs,7061504.0,0.022465784,0.0516871
3909,39,OH,CTCs,0.0,-0.0,-0.0
3909,39,OH,CTCs and EITCs,6289408.0,0.019952757,0.059249848
3909,39,OH,EITCs,6289408.0,0.019952757,0.059249848
3910,39,OH,CTCs,0.0,-0.0,-0.0
3910,39,OH,CTCs and EITCs,7114752.0,0.022497635,0.058116995
3910,39,OH,EITCs,7114752.0,0.022497635,0.058116995
3911,39,OH,CTCs,0.0,-0.0,-0.0
3911,39,OH,CTCs and EITCs,7940096.0,-0.0,-0.0
3911,39,OH,EITCs,7940096.0,-0.0,-0.0
3912,39,OH,CTCs,0.0,-0.0,-0.0
3912,39,OH,CTCs and EITCs,5173248.0,0.01718231,0.044496816
3912,39,OH,EITCs,5173248.0,0.01718231,0.044496816
3913,39,OH,CTCs,0.0,-0.0,-0.0
3913,39,OH,CTCs and EITCs,6709248.0,0.024443904,0.06435788
3913,39,OH,EITCs,6709248.0,0.024443904,0.06435788
3914,39,OH,CTCs,0.0,-0.0,-0.0
3914,39,OH,CTCs and EITCs,5574656.0,0.016530434,0.050571516
3914,39,OH,EITCs,5574656.0,0.016530434,0.050571516
3915,39,OH,CTCs,0.0,-0.0,-0.0
3915,39,OH,CTCs and EITCs,6019072.0,-0.0,-0.0
3915,39,OH,EITCs,6019072.0,-0.0,-0.0
4001,40,OK,CTCs,8495104.0,-0.0,-0.0
4001,40,OK,CTCs and EITCs,14196736.0,-0.0,-0.0
4001,40,OK,EITCs,5701632.0,-0.0,-0.0
4002,40,OK,CTCs,9674752.0,-0.0,-0.0
4002,40,OK,CTCs and EITCs,17362944.0,-0.0,-0.0
4002,40,OK,EITCs,7686144.0,-0.0,-0.0
4003,40,OK,CTCs,9242624.0,0.0034217224,0.0035440612
4003,40,OK,CTCs and EITCs,15933440.0,0.0034217224,0.0035440612
4003,40,OK,EITCs,6690816.0,-0.0,-0.0
4004,40,OK,CTCs,8564736.0,2.894522e-06,4.220569e-06
4004,40,OK,CTCs and EITCs,14458880.0,2.894522e-06,4.220569e-06
4004,40,OK,EITCs,5892096.0,2.894522e-06,4.220569e-06
4005,40,OK,CTCs,8032256.0,0.0014355453,0.0020135993
4005,40,OK,CTCs and EITCs,13801472.0,0.0014355453,0.0020135993
4005,40,OK,EITCs,5771264.0,-0.0,-0.0
4101,41,OR,CTCs,9101312.0,-0.0,-0.0
4101,41,OR,CTCs and EITCs,15216640.0,0.00211636,0.0151790725
4101,41,OR,EITCs,6115328.0,0.0017242056,0.01320372
4102,41,OR,CTCs,19021824.0,1.37902525e-05,2.0909001e-05
4102,41,OR,CTCs and EITCs,31981568.0,3.8439382e-05,9.550899e-05
4102,41,OR,EITCs,12955648.0,2.4735995e-05,7.4682306e-05
4103,41,OR,CTCs,14018560.0,0.003239434,0.0073289503
4103,41,OR,CTCs and EITCs,22525952.0,0.008342677,0.03253872
4103,41,OR,EITCs,8503296.0,0.008342677,0.03253872
4104,41,OR,CTCs,14036992.0,6.5130145e-05,0.00016084133
4104,41,OR,CTCs and EITCs,23701504.0,6.5130145e-05,0.00016084133
4104,41,OR,EITCs,9662464.0,-0.0,-0.0
4105,41,OR,CTCs,12029952.0,-0.0,-0.0
4105,41,OR,CTCs and EITCs,19382272.0,2.9951105e-05,0.00016346596
4105,41,OR,EITCs,7356416.0,2.9951105e-05,0.00016346596
4106,41,OR,CTCs,15380480.0,0.025234869,0.06668258
4106,41,OR,CTCs and EITCs,23437312.0,0.029105429,0.080938816
4106,41,OR,EITCs,8060928.0,0.004073138,0.016348185
4201,42,PA,CTCs,0.0,-0.0,-0.0
4201,42,PA,CTCs and EITCs,0.0,-0.0,-0.0
4201,42,PA,EITCs,0.0,-0.0,-0.0
4202,42,PA,CTCs,0.0,-0.0,-0.0
4202,42,PA,CTCs and EITCs,0.0,-0.0,-0.0
4202,42,PA,EITCs,0.0,-0.0,-0.0
4203,42,PA,CTCs,0.0,-0.0,-0.0
4203,42,PA,CTCs and EITCs,0.0,-0.0,-0.0
4203,42,PA,EITCs,0.0,-0.0,-0.0
4204,42,PA,CTCs,0.0,-0.0,-0.0
4204,42,PA,CTCs and EITCs,0.0,-0.0,-0.0
4204,42,PA,EITCs,0.0,-0.0,-0.0
4205,42,PA,CTCs,0.0,-0.0,-0.0
4205,42,PA,CTCs and EITCs,0.0,-0.0,-0.0
4205,42,PA,EITCs,0.0,-0.0,-0.0
4206,42,PA,CTCs,0.0,-0.0,-0.0
4206,42,PA,CTCs and EITCs,0.0,-0.0,-0.0
4206,42,PA,EITCs,0.0,-0.0,-0.0
4207,42,PA,CTCs,0.0,-0.0,-0.0
4207,42,PA,CTCs and EITCs,0.0,-0.0,-0.0
4207,42,PA,EITCs,0.0,-0.0,-0.0
4208,42,PA,CTCs,0.0,-0.0,-0.0
4208,42,PA,CTCs and EITCs,0.0,-0.0,-0.0
4208,42,PA,EITCs,0.0,-0.0,-0.0
4209,42,PA,CTCs,0.0,-0.0,-0.0
4209,42,PA,CTCs and EITCs,0.0,-0.0,-0.0
4209,42,PA,EITCs,0.0,-0.0,-0.0
4210,42,PA,CTCs,0.0,-0.0,-0.0
4210,42,PA,CTCs and EITCs,0.0,-0.0,-0.0
4210,42,PA,EITCs,0.0,-0.0,-0.0
4211,42,PA,CTCs,0.0,-0.0,-0.0
4211,42,PA,CTCs and EITCs,0.0,-0.0,-0.0
4211,42,PA,EITCs,0.0,-0.0,-0.0
4212,42,PA,CTCs,0.0,-0.0,-0.0
4212,42,PA,CTCs and EITCs,0.0,-0.0,-0.0
4212,42,PA,EITCs,0.0,-0.0,-0.0
4213,42,PA,CTCs,0.0,-0.0,-0.0
4213,42,PA,CTCs and EITCs,0.0,-0.0,-0.0
4213,42,PA,EITCs,0.0,-0.0,-0.0
4214,42,PA,CTCs,0.0,-0.0,-0.0
4214,42,PA,CTCs and EITCs,0.0,-0.0,-0.0
4214,42,PA,EITCs,0.0,-0.0,-0.0
4215,42,PA,CTCs,0.0,-0.0,-0.0
4215,42,PA,CTCs and EITCs,0.0,-0.0,-0.0
4215,42,PA,EITCs,0.0,-0.0,-0.0
4216,42,PA,CTCs,0.0,-0.0,-0.0
4216,42,PA,CTCs and EITCs,0.0,-0.0,-0.0
4216,42,PA,EITCs,0.0,-0.0,-0.0
4217,42,PA,CTCs,0.0,-0.0,-0.0
4217,42,PA,CTCs and EITCs,0.0,-0.0,-0.0
4217,42,PA,EITCs,0.0,-0.0,-0.0
4401,44,RI,CTCs,0.0,-0.0,-0.0
4401,44,RI,CTCs and EITCs,15220736.0,-0.0,-0.0
4401,44,RI,EITCs,15220736.0,-0.0,-0.0
4402,44,RI,CTCs,0.0,-0.0,-0.0
4402,44,RI,CTCs and EITCs,14145536.0,-0.0,-0.0
4402,44,RI,EITCs,14145536.0,-0.0,-0.0
4501,45,SC,CTCs,0.0,-0.0,-0.0
4501,45,SC,CTCs and EITCs,1568768.0,-0.0,-0.0
4501,45,SC,EITCs,1568768.0,-0.0,-0.0
4502,45,SC,CTCs,0.0,-0.0,-0.0
4502,45,SC,CTCs and EITCs,1253376.0,-0.0,-0.0
4502,45,SC,EITCs,1253376.0,-0.0,-0.0
4503,45,SC,CTCs,0.0,-0.0,-0.0
4503,45,SC,CTCs and EITCs,1507328.0,-0.0,-0.0
4503,45,SC,EITCs,1507328.0,-0.0,-0.0
4504,45,SC,CTCs,0.0,-0.0,-0.0
4504,45,SC,CTCs and EITCs,1261568.0,-0.0,-0.0
4504,45,SC,EITCs,1261568.0,-0.0,-0.0
4505,45,SC,CTCs,0.0,-0.0,-0.0
4505,45,SC,CTCs and EITCs,1525760.0,-0.0,-0.0
4505,45,SC,EITCs,1525760.0,-0.0,-0.0
4506,45,SC,CTCs,0.0,-0.0,-0.0
4506,45,SC,CTCs and EITCs,1095680.0,-0.0,-0.0
4506,45,SC,EITCs,1095680.0,-0.0,-0.0
4507,45,SC,CTCs,0.0,-0.0,-0.0
4507,45,SC,CTCs and EITCs,1359872.0,-0.0,-0.0
4507,45,SC,EITCs,1359872.0,-0.0,-0.0
4601,46,SD,CTCs,0.0,-0.0,-0.0
4601,46,SD,CTCs and EITCs,0.0,-0.0,-0.0
4601,46,SD,EITCs,0.0,-0.0,-0.0
4701,47,TN,CTCs,0.0,-0.0,-0.0
4701,47,TN,CTCs and EITCs,0.0,-0.0,-0.0
4701,47,TN,EITCs,0.0,-0.0,-0.0
4702,47,TN,CTCs,0.0,-0.0,-0.0
4702,47,TN,CTCs and EITCs,0.0,-0.0,-0.0
4702,47,TN,EITCs,0.0,-0.0,-0.0
4703,47,TN,CTCs,0.0,-0.0,-0.0
4703,47,TN,CTCs and EITCs,0.0,-0.0,-0.0
4703,47,TN,EITCs,0.0,-0.0,-0.0
4704,47,TN,CTCs,0.0,-0.0,-0.0
4704,47,TN,CTCs and EITCs,0.0,-0.0,-0.0
4704,47,TN,EITCs,0.0,-0.0,-0.0
4705,47,TN,CTCs,0.0,-0.0,-0.0
4705,47,TN,CTCs and EITCs,0.0,-0.0,-0.0
4705,47,TN,EITCs,0.0,-0.0,-0.0
4706,47,TN,CTCs,0.0,-0.0,-0.0
4706,47,TN,CTCs and EITCs,0.0,-0.0,-0.0
4706,47,TN,EITCs,0.0,-0.0,-0.0
4707,47,TN,CTCs,0.0,-0.0,-0.0
4707,47,TN,CTCs and EITCs,0.0,-0.0,-0.0
4707,47,TN,EITCs,0.0,-0.0,-0.0
4708,47,TN,CTCs,0.0,-0.0,-0.0
4708,47,TN,CTCs and EITCs,0.0,-0.0,-0.0
4708,47,TN,EITCs,0.0,-0.0,-0.0
4709,47,TN,CTCs,0.0,-0.0,-0.0
4709,47,TN,CTCs and EITCs,0.0,-0.0,-0.0
4709,47,TN,EITCs,0.0,-0.0,-0.0
4801,48,TX,CTCs,0.0,-0.0,-0.0
4801,48,TX,CTCs and EITCs,0.0,-0.0,-0.0
4801,48,TX,EITCs,0.0,-0.0,-0.0
4802,48,TX,CTCs,0.0,-0.0,-0.0
4802,48,TX,CTCs and EITCs,0.0,-0.0,-0.0
4802,48,TX,EITCs,0.0,-0.0,-0.0
4803,48,TX,CTCs,0.0,-0.0,-0.0
4803,48,TX,CTCs and EITCs,0.0,-0.0,-0.0
4803,48,TX,EITCs,0.0,-0.0,-0.0
4804,48,TX,CTCs,0.0,-0.0,-0.0
4804,48,TX,CTCs and EITCs,0.0,-0.0,-0.0
4804,48,TX,EITCs,0.0,-0.0,-0.0
4805,48,TX,CTCs,0.0,-0.0,-0.0
4805,48,TX,CTCs and EITCs,0.0,-0.0,-0.0
4805,48,TX,EITCs,0.0,-0.0,-0.0
4806,48,TX,CTCs,0.0,-0.0,-0.0
4806,48,TX,CTCs and EITCs,0.0,-0.0,-0.0
4806,48,TX,EITCs,0.0,-0.0,-0.0
4807,48,TX,CTCs,0.0,-0.0,-0.0
4807,48,TX,CTCs and EITCs,0.0,-0.0,-0.0
4807,48,TX,EITCs,0.0,-0.0,-0.0
4808,48,TX,CTCs,0.0,-0.0,-0.0
4808,48,TX,CTCs and EITCs,0.0,-0.0,-0.0
4808,48,TX,EITCs,0.0,-0.0,-0.0
4809,48,TX,CTCs,0.0,-0.0,-0.0
4809,48,TX,CTCs and EITCs,0.0,-0.0,-0.0
4809,48,TX,EITCs,0.0,-0.0,-0.0
4810,48,TX,CTCs,0.0,-0.0,-0.0
4810,48,TX,CTCs and EITCs,0.0,-0.0,-0.0
4810,48,TX,EITCs,0.0,-0.0,-0.0
4811,48,TX,CTCs,0.0,-0.0,-0.0
4811,48,TX,CTCs and EITCs,0.0,-0.0,-0.0
4811,48,TX,EITCs,0.0,-0.0,-0.0
4812,48,TX,CTCs,0.0,-0.0,-0.0
4812,48,TX,CTCs and EITCs,0.0,-0.0,-0.0
4812,48,TX,EITCs,0.0,-0.0,-0.0
4813,48,TX,CTCs,0.0,-0.0,-0.0
4813,48,TX,CTCs and EITCs,0.0,-0.0,-0.0
4813,48,TX,EITCs,0.0,-0.0,-0.0
4814,48,TX,CTCs,0.0,-0.0,-0.0
4814,48,TX,CTCs and EITCs,0.0,-0.0,-0.0
4814,48,TX,EITCs,0.0,-0.0,-0.0
4815,48,TX,CTCs,0.0,-0.0,-0.0
4815,48,TX,CTCs and EITCs,0.0,-0.0,-0.0
4815,48,TX,EITCs,0.0,-0.0,-0.0
4816,48,TX,CTCs,0.0,-0.0,-0.0
4816,48,TX,CTCs and EITCs,0.0,-0.0,-0.0
4816,48,TX,EITCs,0.0,-0.0,-0.0
4817,48,TX,CTCs,0.0,-0.0,-0.0
4817,48,TX,CTCs and EITCs,0.0,-0.0,-0.0
4817,48,TX,EITCs,0.0,-0.0,-0.0
4818,48,TX,CTCs,0.0,-0.0,-0.0
4818,48,TX,CTCs and EITCs,0.0,-0.0,-0.0
4818,48,TX,EITCs,0.0,-0.0,-0.0
4819,48,TX,CTCs,0.0,-0.0,-0.0
4819,48,TX,CTCs and EITCs,0.0,-0.0,-0.0
4819,48,TX,EITCs,0.0,-0.0,-0.0
4820,48,TX,CTCs,0.0,-0.0,-0.0
4820,48,TX,CTCs and EITCs,0.0,-0.0,-0.0
4820,48,TX,EITCs,0.0,-0.0,-0.0
4821,48,TX,CTCs,0.0,-0.0,-0.0
4821,48,TX,CTCs and EITCs,0.0,-0.0,-0.0
4821,48,TX,EITCs,0.0,-0.0,-0.0
4822,48,TX,CTCs,0.0,-0.0,-0.0
4822,48,TX,CTCs and EITCs,0.0,-0.0,-0.0
4822,48,TX,EITCs,0.0,-0.0,-0.0
4823,48,TX,CTCs,0.0,-0.0,-0.0
4823,48,TX,CTCs and EITCs,0.0,-0.0,-0.0
4823,48,TX,EITCs,0.0,-0.0,-0.0
4824,48,TX,CTCs,0.0,-0.0,-0.0
4824,48,TX,CTCs and EITCs,0.0,-0.0,-0.0
4824,48,TX,EITCs,0.0,-0.0,-0.0
4825,48,TX,CTCs,0.0,-0.0,-0.0
4825,48,TX,CTCs and EITCs,0.0,-0.0,-0.0
4825,48,TX,EITCs,0.0,-0.0,-0.0
4826,48,TX,CTCs,0.0,-0.0,-0.0
4826,48,TX,CTCs and EITCs,0.0,-0.0,-0.0
4826,48,TX,EITCs,0.0,-0.0,-0.0
4827,48,TX,CTCs,0.0,-0.0,-0.0
4827,48,TX,CTCs and EITCs,0.0,-0.0,-0.0
4827,48,TX,EITCs,0.0,-0.0,-0.0
4828,48,TX,CTCs,0.0,-0.0,-0.0
4828,48,TX,CTCs and EITCs,0.0,-0.0,-0.0
4828,48,TX,EITCs,0.0,-0.0,-0.0
4829,48,TX,CTCs,0.0,-0.0,-0.0
4829,48,TX,CTCs and EITCs,0.0,-0.0,-0.0
4829,48,TX,EITCs,0.0,-0.0,-0.0
4830,48,TX,CTCs,0.0,-0.0,-0.0
4830,48,TX,CTCs and EITCs,0.0,-0.0,-0.0
4830,48,TX,EITCs,0.0,-0.0,-0.0
4831,48,TX,CTCs,0.0,-0.0,-0.0
4831,48,TX,CTCs and EITCs,0.0,-0.0,-0.0
4831,48,TX,EITCs,0.0,-0.0,-0.0
4832,48,TX,CTCs,0.0,-0.0,-0.0
4832,48,TX,CTCs and EITCs,0.0,-0.0,-0.0
4832,48,TX,EITCs,0.0,-0.0,-0.0
4833,48,TX,CTCs,0.0,-0.0,-0.0
4833,48,TX,CTCs and EITCs,0.0,-0.0,-0.0
4833,48,TX,EITCs,0.0,-0.0,-0.0
4834,48,TX,CTCs,0.0,-0.0,-0.0
4834,48,TX,CTCs and EITCs,0.0,-0.0,-0.0
4834,48,TX,EITCs,0.0,-0.0,-0.0
4835,48,TX,CTCs,0.0,-0.0,-0.0
4835,48,TX,CTCs and EITCs,0.0,-0.0,-0.0
4835,48,TX,EITCs,0.0,-0.0,-0.0
4836,48,TX,CTCs,0.0,-0.0,-0.0
4836,48,TX,CTCs and EITCs,0.0,-0.0,-0.0
4836,48,TX,EITCs,0.0,-0.0,-0.0
4837,48,TX,CTCs,0.0,-0.0,-0.0
4837,48,TX,CTCs and EITCs,0.0,-0.0,-0.0
4837,48,TX,EITCs,0.0,-0.0,-0.0
4838,48,TX,CTCs,0.0,-0.0,-0.0
4838,48,TX,CTCs and EITCs,0.0,-0.0,-0.0
4838,48,TX,EITCs,0.0,-0.0,-0.0
4901,49,UT,CTCs,2666496.0,-0.0,-0.0
4901,49,UT,CTCs and EITCs,6524928.0,-0.0,-0.0
4901,49,UT,EITCs,2764800.0,-0.0,-0.0
4902,49,UT,CTCs,2482176.0,-0.0,-0.0
4902,49,UT,CTCs and EITCs,6217728.0,-0.0,-0.0
4902,49,UT,EITCs,2535424.0,-0.0,-0.0
4903,49,UT,CTCs,2359296.0,-0.0,-0.0
4903,49,UT,CTCs and EITCs,5263360.0,-0.0,-0.0
4903,49,UT,EITCs,2138112.0,-0.0,-0.0
4904,49,UT,CTCs,2400256.0,-0.0,-0.0
4904,49,UT,CTCs and EITCs,5517312.0,-0.0,-0.0
4904,49,UT,EITCs,2482176.0,-0.0,-0.0
5001,50,VT,CTCs,28504064.0,0.027106624,0.15345933
5001,50,VT,CTCs and EITCs,61693950.0,0.027977958,0.157356
5001,50,VT,EITCs,33189888.0,0.027727922,0.15658043
5101,51,VA,CTCs,0.0,-0.0,-0.0
5101,51,VA,CTCs and EITCs,0.0,-0.0,-0.0
5101,51,VA,EITCs,0.0,-0.0,-0.0
5102,51,VA,CTCs,0.0,-0.0,-0.0
5102,51,VA,CTCs and EITCs,0.0,-0.0,-0.0
5102,51,VA,EITCs,0.0,-0.0,-0.0
5103,51,VA,CTCs,0.0,-0.0,-0.0
5103,51,VA,CTCs and EITCs,0.0,-0.0,-0.0
5103,51,VA,EITCs,0.0,-0.0,-0.0
5104,51,VA,CTCs,0.0,-0.0,-0.0
5104,51,VA,CTCs and EITCs,0.0,-0.0,-0.0
5104,51,VA,EITCs,0.0,-0.0,-0.0
5105,51,VA,CTCs,0.0,-0.0,-0.0
5105,51,VA,CTCs and EITCs,0.0,-0.0,-0.0
5105,51,VA,EITCs,0.0,-0.0,-0.0
5106,51,VA,CTCs,0.0,-0.0,-0.0
5106,51,VA,CTCs and EITCs,0.0,-0.0,-0.0
5106,51,VA,EITCs,0.0,-0.0,-0.0
5107,51,VA,CTCs,0.0,-0.0,-0.0
5107,51,VA,CTCs and EITCs,0.0,-0.0,-0.0
5107,51,VA,EITCs,0.0,-0.0,-0.0
5108,51,VA,CTCs,0.0,-0.0,-0.0
5108,51,VA,CTCs and EITCs,0.0,-0.0,-0.0
5108,51,VA,EITCs,0.0,-0.0,-0.0
5109,51,VA,CTCs,0.0,-0.0,-0.0
5109,51,VA,CTCs and EITCs,0.0,-0.0,-0.0
5109,51,VA,EITCs,0.0,-0.0,-0.0
5110,51,VA,CTCs,0.0,-0.0,-0.0
5110,51,VA,CTCs and EITCs,0.0,-0.0,-0.0
5110,51,VA,EITCs,0.0,-0.0,-0.0
5111,51,VA,CTCs,0.0,-0.0,-0.0
5111,51,VA,CTCs and EITCs,0.0,-0.0,-0.0
5111,51,VA,EITCs,0.0,-0.0,-0.0
5301,53,WA,CTCs,0.0,-0.0,-0.0
5301,53,WA,CTCs and EITCs,17039360.0,0.025448581,0.11556211
5301,53,WA,EITCs,17039360.0,0.025448581,0.11556211
5302,53,WA,CTCs,0.0,-0.0,-0.0
5302,53,WA,CTCs and EITCs,18448384.0,0.013070408,0.052814733
5302,53,WA,EITCs,18448384.0,0.013070408,0.052814733
5303,53,WA,CTCs,0.0,-0.0,-0.0
5303,53,WA,CTCs and EITCs,27365376.0,0.017115952,0.049848586
5303,53,WA,EITCs,27365376.0,0.017115952,0.049848586
5304,53,WA,CTCs,0.0,-0.0,-0.0
5304,53,WA,CTCs and EITCs,40980480.0,0.043831043,0.103566036
5304,53,WA,EITCs,40980480.0,0.043831043,0.103566036
5305,53,WA,CTCs,0.0,-0.0,-0.0
5305,53,WA,CTCs and EITCs,29720576.0,0.0021190278,0.009279908
5305,53,WA,EITCs,29720576.0,0.0021190278,0.009279908
5306,53,WA,CTCs,0.0,-0.0,-0.0
5306,53,WA,CTCs and EITCs,22663168.0,0.000618905,0.0016445443
5306,53,WA,EITCs,22663168.0,0.000618905,0.0016445443
5307,53,WA,CTCs,0.0,-0.0,-0.0
5307,53,WA,CTCs and EITCs,12468224.0,0.018111523,0.13290326
5307,53,WA,EITCs,12468224.0,0.018111523,0.13290326
5308,53,WA,CTCs,0.0,-0.0,-0.0
5308,53,WA,CTCs and EITCs,20623360.0,0.02549229,0.09699896
5308,53,WA,EITCs,20623360.0,0.02549229,0.09699896
5309,53,WA,CTCs,0.0,-0.0,-0.0
5309,53,WA,CTCs and EITCs,25141248.0,0.0148499925,0.04765345
5309,53,WA,EITCs,25141248.0,0.0148499925,0.04765345
5310,53,WA,CTCs,0.0,-0.0,-0.0
5310,53,WA,CTCs and EITCs,27703296.0,0.00044068554,0.0011058759
5310,53,WA,EITCs,27703296.0,0.00044068554,0.0011058759
5401,54,WV,CTCs,0.0,-0.0,-0.0
5401,54,WV,CTCs and EITCs,0.0,-0.0,-0.0
5401,54,WV,EITCs,0.0,-0.0,-0.0
5402,54,WV,CTCs,0.0,-0.0,-0.0
5402,54,WV,CTCs and EITCs,0.0,-0.0,-0.0
5402,54,WV,EITCs,0.0,-0.0,-0.0
5501,55,WI,CTCs,0.0,-0.0,-0.0
5501,55,WI,CTCs and EITCs,15360000.0,-0.0,-0.0
5501,55,WI,EITCs,15360000.0,-0.0,-0.0
5502,55,WI,CTCs,0.0,-0.0,-0.0
5502,55,WI,CTCs and EITCs,9986048.0,-0.0,-0.0
5502,55,WI,EITCs,9986048.0,-0.0,-0.0
5503,55,WI,CTCs,0.0,-0.0,-0.0
5503,55,WI,CTCs and EITCs,12359680.0,0.0043498087,0.025460672
5503,55,WI,EITCs,12359680.0,0.0043498087,0.025460672
5504,55,WI,CTCs,0.0,-0.0,-0.0
5504,55,WI,CTCs and EITCs,34723840.0,0.029017523,0.05743448
5504,55,WI,EITCs,34723840.0,0.029017523,0.05743448
5505,55,WI,CTCs,0.0,-0.0,-0.0
5505,55,WI,CTCs and EITCs,9080832.0,0.0001510414,0.00065643544
5505,55,WI,EITCs,9080832.0,0.0001510414,0.00065643544
5506,55,WI,CTCs,0.0,-0.0,-0.0
5506,55,WI,CTCs and EITCs,11554816.0,0.045505483,0.16463357
5506,55,WI,EITCs,11554816.0,0.045505483,0.16463357
5507,55,WI,CTCs,0.0,-0.0,-0.0
5507,55,WI,CTCs and EITCs,12648448.0,0.004874715,0.030515686
5507,55,WI,EITCs,12648448.0,0.004874715,0.030515686
5508,55,WI,CTCs,0.0,-0.0,-0.0
5508,55,WI,CTCs and EITCs,12525568.0,0.00012245488,0.00040364434
5508,55,WI,EITCs,12525568.0,0.00012245488,0.00040364434
5601,56,WY,CTCs,0.0,-0.0,-0.0
5601,56,WY,CTCs and EITCs,0.0,-0.0,-0.0
5601,56,WY,EITCs,0.0,-0.0,-0.0
