congressional_district_geoid,state_fips,state,reform_type,cost,poverty_pct_cut,child_poverty_pct_cut,poverty_gap_pct_cut,gini_index_pct_cut
107,1,AL,CTCs,0.0,-0.0,-0.0,-0.0,-0.0
107,1,AL,EITCs,0.0,-0.0,-0.0,-0.0,-0.0
107,1,AL,CTCs and EITCs,0.0,-0.0,-0.0,-0.0,-0.0
106,1,AL,CTCs,0.0,-0.0,-0.0,-0.0,-0.0
106,1,AL,EITCs,0.0,-0.0,-0.0,-0.0,-0.0
106,1,AL,CTCs and EITCs,0.0,-0.0,-0.0,-0.0,-0.0
103,1,AL,CTCs,0.0,-0.0,-0.0,-0.0,-0.0
103,1,AL,EITCs,0.0,-0.0,-0.0,-0.0,-0.0
103,1,AL,CTCs and EITCs,0.0,-0.0,-0.0,-0.0,-0.0
101,1,AL,CTCs,0.0,-0.0,-0.0,-0.0,-0.0
101,1,AL,EITCs,0.0,-0.0,-0.0,-0.0,-0.0
101,1,AL,CTCs and EITCs,0.0,-0.0,-0.0,-0.0,-0.0
105,1,AL,CTCs,0.0,-0.0,-0.0,-0.0,-0.0
105,1,AL,EITCs,0.0,-0.0,-0.0,-0.0,-0.0
105,1,AL,CTCs and EITCs,0.0,-0.0,-0.0,-0.0,-0.0
102,1,AL,CTCs,0.0,-0.0,-0.0,-0.0,-0.0
102,1,AL,EITCs,0.0,-0.0,-0.0,-0.0,-0.0
102,1,AL,CTCs and EITCs,0.0,-0.0,-0.0,-0.0,-0.0
104,1,AL,CTCs,0.0,-0.0,-0.0,-0.0,-0.0
104,1,AL,EITCs,0.0,-0.0,-0.0,-0.0,-0.0
104,1,AL,CTCs and EITCs,0.0,-0.0,-0.0,-0.0,-0.0
201,2,AK,CTCs,0.0,-0.0,-0.0,-0.0,-0.0
201,2,AK,EITCs,0.0,-0.0,-0.0,-0.0,-0.0
201,2,AK,CTCs and EITCs,0.0,-0.0,-0.0,-0.0,-0.0
402,4,AZ,CTCs,10507264.0,0.002532610669732094,0.003006658749654889,2.3359351295566436e-05,-0.0
402,4,AZ,EITCs,0.0,-0.0,-0.0,-0.0,-0.0
402,4,AZ,CTCs and EITCs,10507264.0,0.002532610669732094,0.003006658749654889,2.3359351295566436e-05,-0.0
409,4,AZ,CTCs,9504768.0,0.00017991177446674556,0.0004234543303027749,1.834450184007812e-05,-0.0
409,4,AZ,EITCs,0.0,-0.0,-0.0,-0.0,-0.0
409,4,AZ,CTCs and EITCs,9504768.0,0.00017991177446674556,0.0004234543303027749,1.834450184007812e-05,-0.0
403,4,AZ,CTCs,10365952.0,-0.0,-0.0,3.2671755703335134e-05,-0.0
403,4,AZ,EITCs,0.0,-0.0,-0.0,-0.0,-0.0
403,4,AZ,CTCs and EITCs,10365952.0,-0.0,-0.0,3.2671755703335134e-05,-0.0
408,4,AZ,CTCs,9920512.0,0.004925214219838381,0.007699861191213131,5.337520919636895e-05,-0.0
408,4,AZ,EITCs,0.0,-0.0,-0.0,-0.0,-0.0
408,4,AZ,CTCs and EITCs,9920512.0,0.004925214219838381,0.007699861191213131,5.337520919636895e-05,-0.0
405,4,AZ,CTCs,10060800.0,6.639175353484461e-06,1.385703853884479e-05,5.115729769406826e-05,-0.0
405,4,AZ,EITCs,0.0,-0.0,-0.0,-0.0,-0.0
405,4,AZ,CTCs and EITCs,10060800.0,6.639175353484461e-06,1.385703853884479e-05,5.115729769406826e-05,-0.0
406,4,AZ,CTCs,9696256.0,0.0014789036940783262,0.003303896402940154,2.237552212736701e-05,-0.0
406,4,AZ,EITCs,0.0,-0.0,-0.0,-0.0,-0.0
406,4,AZ,CTCs and EITCs,9696256.0,0.0014789036940783262,0.003303896402940154,2.237552212736701e-05,-0.0
401,4,AZ,CTCs,10436608.0,0.0017524060094729066,0.0034345618914812803,8.53180808404172e-05,-0.0
401,4,AZ,EITCs,0.0,-0.0,-0.0,-0.0,-0.0
401,4,AZ,CTCs and EITCs,10436608.0,0.0017524060094729066,0.0034345618914812803,8.53180808404172e-05,-0.0
404,4,AZ,CTCs,9936896.0,0.00182456208858639,-0.0,6.161410522119213e-05,-0.0
404,4,AZ,EITCs,0.0,-0.0,-0.0,-0.0,-0.0
404,4,AZ,CTCs and EITCs,9936896.0,0.00182456208858639,-0.0,6.161410522119213e-05,-0.0
407,4,AZ,CTCs,9750528.0,-0.0,-0.0,2.0042820117791016e-05,-0.0
407,4,AZ,EITCs,0.0,-0.0,-0.0,-0.0,-0.0
407,4,AZ,CTCs and EITCs,9750528.0,-0.0,-0.0,2.0042820117791016e-05,-0.0
503,5,AR,CTCs,0.0,-0.0,-0.0,-0.0,-0.0
503,5,AR,EITCs,0.0,-0.0,-0.0,-0.0,-0.0
503,5,AR,CTCs and EITCs,0.0,-0.0,-0.0,-0.0,-0.0
502,5,AR,CTCs,0.0,-0.0,-0.0,-0.0,-0.0
502,5,AR,EITCs,0.0,-0.0,-0.0,-0.0,-0.0
502,5,AR,CTCs and EITCs,0.0,-0.0,-0.0,-0.0,-0.0
501,5,AR,CTCs,0.0,-0.0,-0.0,-0.0,-0.0
501,5,AR,EITCs,0.0,-0.0,-0.0,-0.0,-0.0
501,5,AR,CTCs and EITCs,0.0,-0.0,-0.0,-0.0,-0.0
504,5,AR,CTCs,0.0,-0.0,-0.0,-0.0,-0.0
504,5,AR,EITCs,0.0,-0.0,-0.0,-0.0,-0.0
504,5,AR,CTCs and EITCs,0.0,-0.0,-0.0,-0.0,-0.0
621,6,CA,CTCs,14618624.0,0.007877032272517681,0.013545325957238674,0.0003406708147953082,-0.0
621,6,CA,EITCs,27918336.0,0.007742643356323242,0.010119322687387466,0.0005798122725222684,-0.0
621,6,CA,CTCs and EITCs,42536960.0,0.022728566080331802,0.038592223078012466,0.0009354855577425343,-0.0
647,6,CA,CTCs,13787136.0,9.452957601752132e-05,0.0001520546356914565,0.0005549477714920666,-0.0
647,6,CA,EITCs,27754496.0,0.0011307885870337486,0.001427284674718976,0.0010263313964261305,-0.0
647,6,CA,CTCs and EITCs,41539584.0,0.0015909631038084626,0.002167888218536973,0.0015802727253299812,-0.0
640,6,CA,CTCs,15072256.0,0.001958539243787527,0.004892445169389248,0.0005951615666708339,-0.0
640,6,CA,EITCs,28172288.0,0.0003034133405890316,5.989619603496976e-05,0.0009752506931855221,-0.0
640,6,CA,CTCs and EITCs,43245568.0,0.002237128559499979,0.004892445169389248,0.001571674083020572,-0.0
629,6,CA,CTCs,13457408.0,0.006043274886906147,0.012530099600553513,0.0005029907275707079,-0.0
629,6,CA,EITCs,27463680.0,0.0037976831663399935,0.005579178221523762,0.0008963052154151924,-0.0
629,6,CA,CTCs and EITCs,40924160.0,0.007683296222239733,0.014442128129303455,0.0014057758655086723,-0.0
619,6,CA,CTCs,15544320.0,0.003803909756243229,0.008137772791087627,0.0007723644376787955,-0.0
619,6,CA,EITCs,29894656.0,0.007834862917661667,0.010373026132583618,0.0013197596779927774,-0.0
619,6,CA,CTCs and EITCs,45436928.0,0.007836509495973587,0.010376283898949623,0.0020932883897952902,-0.0
650,6,CA,CTCs,12679168.0,0.002015592297539115,0.0029090754687786102,0.0005622792066602439,-0.0
650,6,CA,EITCs,29800448.0,0.0016455500153824687,0.002283203648403287,0.0011468488279588092,-0.0
650,6,CA,CTCs and EITCs,42475520.0,0.0027832966297864914,0.003980856388807297,0.0017121316584047142,-0.0
646,6,CA,CTCs,15179776.0,0.000587827991694212,0.0010190525790676475,0.000704443946940045,-0.0
646,6,CA,EITCs,29186048.0,0.0014525593724101782,0.001484943088144064,0.0012599476568829903,-0.0
646,6,CA,CTCs and EITCs,44367872.0,0.0020386814139783382,0.0025008388329297304,0.0019635966488720344,-0.0
618,6,CA,CTCs,15685632.0,0.00344132911413908,0.007521565537899733,0.0006489980173746499,-0.0
618,6,CA,EITCs,28343296.0,0.0074688405729830265,0.015700606629252434,0.0009996686997247879,-0.0
618,6,CA,CTCs and EITCs,44029952.0,0.008230600506067276,0.01724112406373024,0.0016547958888460273,-0.0
631,6,CA,CTCs,15017984.0,0.0015054403338581324,0.0031432851683348417,0.0005753317207466002,-0.0
631,6,CA,EITCs,27294720.0,0.003140358254313469,0.004755416419357061,0.0009290569647915233,-0.0
631,6,CA,CTCs and EITCs,42314752.0,0.007961447350680828,0.013472817838191986,0.0015124254961606967,-0.0
625,6,CA,CTCs,14025728.0,0.029553784057497978,0.04539087042212486,0.0003917724154145514,-0.0
625,6,CA,EITCs,29012992.0,0.04227006807923317,0.07297871261835098,0.0006478735246231567,-0.0
625,6,CA,CTCs and EITCs,43038720.0,0.048219989985227585,0.08518965542316437,0.0010929838301244313,-0.0
616,6,CA,CTCs,14925824.0,-0.0,-0.0,0.0006319913703211537,-0.0
616,6,CA,EITCs,28162048.0,0.001666959491558373,0.0002423086407361552,0.0010624609274317957,-0.0
616,6,CA,CTCs and EITCs,43087872.0,0.001666959491558373,0.0002423086407361552,0.0016931105460525448,-0.0
641,6,CA,CTCs,13680640.0,2.346944256714778e-06,3.852383088087663e-06,0.0006736633431075577,-0.0
641,6,CA,EITCs,26128384.0,0.0029671024531126022,0.001992047531530261,0.001097112973778197,-0.0
641,6,CA,CTCs and EITCs,39811072.0,0.002969435416162014,0.00199596444144845,0.0017693214516510554,-0.0
633,6,CA,CTCs,15054848.0,0.008211368694901466,0.013181764632463455,0.000599302987171601,-0.0
633,6,CA,EITCs,26933248.0,0.006752243731170893,0.01208258792757988,0.0009433970746551372,-0.0
633,6,CA,CTCs and EITCs,41988096.0,0.012954106554389,0.021306166425347328,0.0015600557528124834,-0.0
642,6,CA,CTCs,14153728.0,0.0025181761011481285,0.004944183863699436,0.0004757838437370799,-0.0
642,6,CA,EITCs,28526592.0,0.004787098150700331,0.008201688528060913,0.0008713584974599148,-0.0
642,6,CA,CTCs and EITCs,42680320.0,0.008777004666626453,0.015895364806056023,0.0013478336450260166,-0.0
626,6,CA,CTCs,12261376.0,0.0015834129881113768,0.0038507303688675165,0.0005491119652901473,-0.0
626,6,CA,EITCs,27035648.0,0.006187334191054106,0.006941606290638447,0.0010906722734735671,-0.0
626,6,CA,CTCs and EITCs,39297024.0,0.008387550711631775,0.011597633361816406,0.0016395696256636329,-0.0
627,6,CA,CTCs,11736064.0,0.0063123200088739395,0.010586638003587723,0.0004055447883658177,-0.0
627,6,CA,EITCs,26550272.0,0.00616663321852684,0.012686510570347309,0.0007676166660005284,-0.0
627,6,CA,CTCs and EITCs,38285312.0,0.011751407757401466,0.02187267318367958,0.0011757701766818458,-0.0
609,6,CA,CTCs,14129152.0,0.011005276814103127,0.0291778314858675,0.0004355079779605196,-0.0
609,6,CA,EITCs,28399616.0,0.007000148296356201,0.011161446571350098,0.0007355751719486426,-0.0
609,6,CA,CTCs and EITCs,42527744.0,0.02035926841199398,0.03883259370923042,0.0011793514746904245,-0.0
604,6,CA,CTCs,14368768.0,0.0026068068109452724,0.004563706461340189,0.0005596281831833949,-0.0
604,6,CA,EITCs,27774976.0,0.005820700898766518,0.01029298361390829,0.0008955604825611956,-0.0
604,6,CA,CTCs and EITCs,42139648.0,0.006896805949509144,0.012299717403948307,0.0014550873982568358,-0.0
603,6,CA,CTCs,14710784.0,0.0040102493949234486,0.008345012553036213,0.0005540099254758672,-0.0
603,6,CA,EITCs,26920960.0,0.0069007123820483685,0.009221680462360382,0.0008517761194053031,-0.0
603,6,CA,CTCs and EITCs,41631744.0,0.011869234032928944,0.019154192879796028,0.0014060013995813596,-0.0
601,6,CA,CTCs,13996032.0,0.010609371587634087,0.026889141649007797,0.0003237405521267945,-0.0
601,6,CA,EITCs,27105280.0,0.001053125481121242,0.0016438830643892288,0.0005858939347919631,-0.0
601,6,CA,CTCs and EITCs,41100288.0,0.04484761506319046,0.08701413869857788,0.0009341306193850964,-0.0
624,6,CA,CTCs,14571520.0,0.00047503705718554556,0.00091913080541417,0.0004910523236954753,-0.0
624,6,CA,EITCs,28794880.0,0.002741471631452441,0.005285382736474276,0.000834197085623992,-0.0
624,6,CA,CTCs and EITCs,43367424.0,0.002741471631452441,0.005285382736474276,0.0013294513670050094,-0.0
623,6,CA,CTCs,13154304.0,0.008627823553979397,0.020909029990434647,0.00034971847394460275,-0.0
623,6,CA,EITCs,27407360.0,0.025055885314941406,0.05237055569887161,0.0007317413942494635,-0.0
623,6,CA,CTCs and EITCs,40561664.0,0.025934996083378792,0.053943756967782974,0.0011033689089205861,-0.0
639,6,CA,CTCs,13735936.0,0.007881039753556252,0.017262153327465057,0.0005283345666977651,-0.0
639,6,CA,EITCs,29249536.0,0.014199571684002876,0.024777203798294067,0.0010188329479632492,-0.0
639,6,CA,CTCs and EITCs,42987520.0,0.016212301328778267,0.028149299323558807,0.001571997875715499,-0.0
632,6,CA,CTCs,13329408.0,0.0028014008421450853,0.006342072039842606,0.0005324338234018277,-0.0
632,6,CA,EITCs,27065344.0,0.002919277874752879,0.004637280944734812,0.0009732766856172137,-0.0
632,6,CA,CTCs and EITCs,40395776.0,0.004345026798546314,0.007150150835514069,0.0015082825187427951,-0.0
648,6,CA,CTCs,13619200.0,0.00269322725944221,0.006002567708492279,0.0007585801746067813,-0.0
648,6,CA,EITCs,29700096.0,0.006265174597501755,0.010768183507025242,0.0014578060947316883,-0.0
648,6,CA,CTCs and EITCs,43319296.0,0.00746588408946991,0.012869915924966335,0.0022250914794837468,-0.0
644,6,CA,CTCs,15470592.0,0.0019913152791559696,0.004813217092305422,0.0006734498898919105,-0.0
644,6,CA,EITCs,27022336.0,0.0065529546700417995,0.011153724044561386,0.0010284278907085758,-0.0
644,6,CA,CTCs and EITCs,42492928.0,0.00851229578256607,0.015848107635974884,0.0017070122833928634,-0.0
628,6,CA,CTCs,15183872.0,0.00040596528560854495,0.000677403761073947,0.0007859530906128259,-0.0
628,6,CA,EITCs,27978752.0,0.003984264563769102,0.0027943758759647608,0.0012211114912186196,-0.0
628,6,CA,CTCs and EITCs,43161600.0,0.005066995043307543,0.004831072874367237,0.0020056614697809517,-0.0
602,6,CA,CTCs,14636032.0,0.002778742928057909,0.005462198052555323,0.0005953929327881264,-0.0
602,6,CA,EITCs,28325888.0,0.00647293496876955,0.006386768538504839,0.000983171813599442,-0.0
602,6,CA,CTCs and EITCs,42961920.0,0.014013011939823627,0.021931849420070648,0.0015965857251555872,-0.0
634,6,CA,CTCs,13107200.0,0.0017855411861091852,0.002686497289687395,0.0006987547104807862,-0.0
634,6,CA,EITCs,26394624.0,0.005717109888792038,0.010665875859558582,0.0012909395204075227,-0.0
634,6,CA,CTCs and EITCs,39501824.0,0.00748241413384676,0.013295446522533894,0.0019902235250070822,-0.0
630,6,CA,CTCs,13606912.0,-0.0,-0.0,0.0005983197552778406,-0.0
630,6,CA,EITCs,28133376.0,0.0022148361895233393,0.004376845434308052,0.00108600644117121,-0.0
630,6,CA,CTCs and EITCs,41736192.0,0.004944569431245327,0.00780113460496068,0.0016840046564550592,-0.0
651,6,CA,CTCs,14911488.0,0.0013921010540798306,0.0027984497137367725,0.000817492428900318,-0.0
651,6,CA,EITCs,29216768.0,0.007109683007001877,0.004635083023458719,0.0014148665553512195,-0.0
651,6,CA,CTCs and EITCs,44130304.0,0.008428557775914669,0.007290486246347427,0.002232154016955905,-0.0
645,6,CA,CTCs,14097408.0,0.002626065630465746,0.005238517187535763,0.000522430299426131,-0.0
645,6,CA,EITCs,27513856.0,0.00031141721410676837,-0.0,0.0008469887218709902,-0.0
645,6,CA,CTCs and EITCs,41610240.0,0.0030697223264724016,0.0055338297970592976,0.001369009680161668,-0.0
605,6,CA,CTCs,12275712.0,0.0075281462632119656,0.018784908577799797,0.0004705778540377698,-0.0
605,6,CA,EITCs,27571200.0,0.009199775755405426,0.018529416993260384,0.0009589267523364176,-0.0
605,6,CA,CTCs and EITCs,39847936.0,0.0183394867926836,0.03701473027467728,0.00144801124185656,-0.0
638,6,CA,CTCs,12664832.0,0.004225622396916151,0.006697227247059345,0.0005280676310493088,-0.0
638,6,CA,EITCs,28456960.0,0.009538795799016953,0.009244079701602459,0.0010385969417741857,-0.0
638,6,CA,CTCs and EITCs,41123840.0,0.01400325633585453,0.017031023278832436,0.0015775367093754274,-0.0
606,6,CA,CTCs,14336000.0,0.0015581126790493727,0.0040226890705525875,0.0006245017517490265,-0.0
606,6,CA,EITCs,29945856.0,0.0025569964200258255,0.001153203658759594,0.001114253626338741,-0.0
606,6,CA,CTCs and EITCs,44281856.0,0.008402292616665363,0.016834890469908714,0.001742675773845172,-0.0
652,6,CA,CTCs,15437824.0,0.011774837970733643,0.015692852437496185,0.000585409920637242,-0.0
652,6,CA,EITCs,29270016.0,0.01041190605610609,0.011846916750073433,0.0009796214789607892,-0.0
652,6,CA,CTCs and EITCs,44709888.0,0.014754298143088818,0.021715650334954262,0.0015732608080052503,-0.0
637,6,CA,CTCs,13914112.0,0.0006328024319373071,0.0015149525133892894,0.0005168127327881671,-0.0
637,6,CA,EITCs,26970112.0,0.005655692424625158,0.010956746526062489,0.0008698857569041042,-0.0
637,6,CA,CTCs and EITCs,40886272.0,0.006684516556560993,0.013327193446457386,0.0013912112218031022,-0.0
622,6,CA,CTCs,13789184.0,0.013107147067785263,0.0294514000415802,0.00030837775978935283,-0.0
622,6,CA,EITCs,28892160.0,0.011015116237103939,0.02153805084526539,0.000654204203619264,-0.0
622,6,CA,CTCs and EITCs,42683392.0,0.0307165440171957,0.06056736037135124,0.0009810105122524883,-0.0
636,6,CA,CTCs,12424192.0,0.00023744296049699187,0.0003957259759772569,0.0004790943606277903,-0.0
636,6,CA,EITCs,26340352.0,0.00014098612882662565,-0.0,0.0008725711051148551,-0.0
636,6,CA,CTCs and EITCs,38764544.0,0.0003783621359616518,0.0003957259759772569,0.0013509245597715116,-0.0
610,6,CA,CTCs,13996032.0,0.0003381235874257982,0.0005744348745793104,0.0007297183049784202,-0.0
610,6,CA,EITCs,25923584.0,0.0011135527165606618,0.0005731536657549441,0.001169756085929243,-0.0
610,6,CA,CTCs and EITCs,39919616.0,0.0011163287563249469,0.0005764149827882648,0.0018979640998645622,-0.0
617,6,CA,CTCs,14538752.0,-0.0,-0.0,0.0005166624520351888,-0.0
617,6,CA,EITCs,29551616.0,8.779613835940836e-07,-0.0,0.0009795850686789573,-0.0
617,6,CA,CTCs and EITCs,44093440.0,8.779613835940836e-07,-0.0,0.001495236091558615,-0.0
635,6,CA,CTCs,13810688.0,0.00877962913364172,0.009843056090176105,0.0004128356676902516,-0.0
635,6,CA,EITCs,27557888.0,0.010628988035023212,0.01388064119964838,0.000727308397799994,-0.0
635,6,CA,CTCs and EITCs,41370624.0,0.0178378839045763,0.029068883508443832,0.0011480598388513574,-0.0
615,6,CA,CTCs,14490624.0,-0.0,-0.0,0.0005357605402333613,-0.0
615,6,CA,EITCs,27872256.0,0.000748576654586941,-0.0,0.0009111839760888494,-0.0
615,6,CA,CTCs and EITCs,42362880.0,0.000748576654586941,-0.0,0.0014459688693412682,-0.0
620,6,CA,CTCs,14259200.0,0.01531253568828106,0.027932703495025635,0.00029077408873038365,-0.0
620,6,CA,EITCs,30010368.0,0.030795615166425705,0.0596594400703907,0.0005517782422657573,-0.0
620,6,CA,CTCs and EITCs,44268032.0,0.040606964379549026,0.0721595361828804,0.0008765691631330937,-0.0
613,6,CA,CTCs,13451264.0,0.010310200043022633,0.022974815219640732,0.00038168297742758705,-0.0
613,6,CA,EITCs,28059648.0,0.00475225318223238,0.011205041781067848,0.0006991121609371589,-0.0
613,6,CA,CTCs and EITCs,41510912.0,0.021876933053135872,0.04725736007094383,0.001098128409714593,-0.0
612,6,CA,CTCs,13743104.0,0.00016841915203258395,0.000339671183610335,0.0006917053305770698,-0.0
612,6,CA,EITCs,27363328.0,0.004771876148879528,0.005980835761874914,0.0011901251304990174,-0.0
612,6,CA,CTCs and EITCs,41106432.0,0.004772283136844635,0.005981495603919029,0.001880381286486916,-0.0
611,6,CA,CTCs,15022080.0,-0.0,-0.0,0.0005754344074260738,-0.0
611,6,CA,EITCs,28350464.0,0.0002715606242418289,0.0005692086997441947,0.0009529753061184003,-0.0
611,6,CA,CTCs and EITCs,43373568.0,0.0002715606242418289,0.0005692086997441947,0.0015273138443053955,-0.0
614,6,CA,CTCs,13829120.0,0.00012897889246232808,0.00013948779087513685,0.0006226834408029068,-0.0
614,6,CA,EITCs,28481536.0,0.00012897889246232808,0.00013948779087513685,0.001087353535813135,-0.0
614,6,CA,CTCs and EITCs,42312704.0,0.00012897889246232808,0.00013948779087513685,0.001708841757882054,-0.0
649,6,CA,CTCs,12038144.0,0.001972838072106242,0.0056100753135979176,0.0006463365082414422,-0.0
649,6,CA,EITCs,25448448.0,0.0024292659945786,0.00682459119707346,0.0012426801851564413,-0.0
649,6,CA,CTCs and EITCs,37484544.0,0.004787954967468977,0.01015879213809967,0.001895292615120546,-0.0
643,6,CA,CTCs,13345792.0,0.0008060880936682224,0.0018552684923633933,0.00039123802475394723,-0.0
643,6,CA,EITCs,28961792.0,0.00794628169387579,0.012444769032299519,0.0007669527310073253,-0.0
643,6,CA,CTCs and EITCs,42308608.0,0.008035648614168167,0.01259763352572918,0.0011596088759765455,-0.0
608,6,CA,CTCs,11927552.0,0.0042043826542794704,0.0065972995944321156,0.0003567639150832685,-0.0
608,6,CA,EITCs,27287040.0,0.004529138095676899,0.007575118914246559,0.0006990696831919031,-0.0
608,6,CA,CTCs and EITCs,39215104.0,0.00869643222540617,0.014074706472456455,0.0010598228130268808,-0.0
607,6,CA,CTCs,12213248.0,0.006057324819266796,0.012655595317482948,0.00038739238626706377,-0.0
607,6,CA,EITCs,27493376.0,0.004087469540536404,0.009022166021168232,0.0007264240591412279,-0.0
607,6,CA,CTCs and EITCs,39707648.0,0.008841466158628464,0.018557175993919373,0.0011178590842287753,-0.0
805,8,CO,CTCs,233818112.0,0.1491864174604416,0.30482837557792664,0.004405257657630928,-0.0
805,8,CO,EITCs,55479296.0,0.04125242680311203,0.08819929510354996,0.0008198005732569901,-0.0
805,8,CO,CTCs and EITCs,289298432.0,0.19632919132709503,0.377663254737854,0.005593511045412704,-0.0
807,8,CO,CTCs,223373312.0,0.1389751136302948,0.2693693935871124,0.00746833602270752,-0.0
807,8,CO,EITCs,54003712.0,0.044092439115047455,0.08105958253145218,0.0014164843694497934,-0.0
807,8,CO,CTCs and EITCs,277377024.0,0.1686962991952896,0.3192676901817322,0.009528402925042813,-0.0
803,8,CO,CTCs,233963520.0,0.12194128334522247,0.2752254009246826,0.003637992669656834,-0.0
803,8,CO,EITCs,54712320.0,0.03571249172091484,0.07781042158603668,0.0006066723368982445,-0.0
803,8,CO,CTCs and EITCs,288677888.0,0.16053764522075653,0.32669493556022644,0.004525516686767434,-0.0
806,8,CO,CTCs,217622528.0,0.11573366075754166,0.22244876623153687,0.006023314701079922,-0.0
806,8,CO,EITCs,52293632.0,0.04535271227359772,0.08249257504940033,0.0012143988415153125,-0.0
806,8,CO,CTCs and EITCs,269914112.0,0.1426141858100891,0.2680562734603882,0.0077625949038325785,-0.0
808,8,CO,CTCs,235619328.0,0.12854215502738953,0.25637832283973694,0.004526636323100313,-0.0
808,8,CO,EITCs,51459072.0,0.025870639830827713,0.0428793802857399,0.0007612961196054129,-0.0
808,8,CO,CTCs and EITCs,287080448.0,0.16492892801761627,0.30505141615867615,0.005630788708309081,-0.0
804,8,CO,CTCs,227710976.0,0.15012259781360626,0.3062506318092346,0.006244381083903239,-0.0
804,8,CO,EITCs,54310912.0,0.045191552489995956,0.08820665627717972,0.0011754235036727774,-0.0
804,8,CO,CTCs and EITCs,282021888.0,0.19179506599903107,0.363982230424881,0.007989769247948832,-0.0
801,8,CO,CTCs,234399744.0,0.12924884259700775,0.25834864377975464,0.007593259759653889,-0.0
801,8,CO,EITCs,56903680.0,0.039675623178482056,0.08982856571674347,0.0014272419003295632,-0.0
801,8,CO,CTCs and EITCs,291301376.0,0.16342821717262268,0.3164188265800476,0.009605272900411533,-0.0
802,8,CO,CTCs,241941504.0,0.1447908580303192,0.2868230640888214,0.004655714703274482,-0.0
802,8,CO,EITCs,57860096.0,0.040529944002628326,0.0714043378829956,0.000962863644919107,-0.0
802,8,CO,CTCs and EITCs,299801600.0,0.1652533859014511,0.3199331760406494,0.00598438495577823,-0.0
904,9,CT,CTCs,0.0,-0.0,-0.0,-0.0,-0.0
904,9,CT,EITCs,47036416.0,0.01785850152373314,0.03767605870962143,0.0017248387128137041,-0.0
904,9,CT,CTCs and EITCs,47036416.0,0.01785850152373314,0.03767605870962143,0.0017248387128137041,-0.0
902,9,CT,CTCs,0.0,-0.0,-0.0,-0.0,-0.0
902,9,CT,EITCs,44746752.0,0.023766476660966873,0.041254401206970215,0.0009589133767474254,-0.0
902,9,CT,CTCs and EITCs,44746752.0,0.023766476660966873,0.041254401206970215,0.0009589133767474254,-0.0
905,9,CT,CTCs,0.0,-0.0,-0.0,-0.0,-0.0
905,9,CT,EITCs,40904192.0,0.027732497081160545,0.05090991035103798,0.0007132909472716946,-0.0
905,9,CT,CTCs and EITCs,40904192.0,0.027732497081160545,0.05090991035103798,0.0007132909472716946,-0.0
901,9,CT,CTCs,0.0,-0.0,-0.0,-0.0,-0.0
901,9,CT,EITCs,46387200.0,0.03090781345963478,0.06195775046944618,0.0009083427583789443,-0.0
901,9,CT,CTCs and EITCs,46387200.0,0.03090781345963478,0.06195775046944618,0.0009083427583789443,-0.0
903,9,CT,CTCs,0.0,-0.0,-0.0,-0.0,-0.0
903,9,CT,EITCs,42921984.0,0.03810968995094299,0.06012171879410744,0.0010338815616783995,-0.0
903,9,CT,CTCs and EITCs,42921984.0,0.03810968995094299,0.06012171879410744,0.0010338815616783995,-0.0
1001,10,DE,CTCs,0.0,-0.0,-0.0,-0.0,-0.0
1001,10,DE,EITCs,0.0,-0.0,-0.0,-0.0,-0.0
1001,10,DE,CTCs and EITCs,0.0,-0.0,-0.0,-0.0,-0.0
1101,11,DC,CTCs,0.0,-0.0,-0.0,-0.0,-0.0
1101,11,DC,EITCs,88016896.0,0.05208290368318558,0.08233387768268585,0.0018908371082762105,-0.0
1101,11,DC,CTCs and EITCs,88016896.0,0.05208290368318558,0.08233387768268585,0.0018908371082762105,-0.0
1206,12,FL,CTCs,0.0,-0.0,-0.0,-0.0,-0.0
1206,12,FL,EITCs,0.0,-0.0,-0.0,-0.0,-0.0
1206,12,FL,CTCs and EITCs,0.0,-0.0,-0.0,-0.0,-0.0
1214,12,FL,CTCs,0.0,-0.0,-0.0,-0.0,-0.0
1214,12,FL,EITCs,0.0,-0.0,-0.0,-0.0,-0.0
1214,12,FL,CTCs and EITCs,0.0,-0.0,-0.0,-0.0,-0.0
1201,12,FL,CTCs,0.0,-0.0,-0.0,-0.0,-0.0
1201,12,FL,EITCs,0.0,-0.0,-0.0,-0.0,-0.0
1201,12,FL,CTCs and EITCs,0.0,-0.0,-0.0,-0.0,-0.0
1213,12,FL,CTCs,0.0,-0.0,-0.0,-0.0,-0.0
1213,12,FL,EITCs,0.0,-0.0,-0.0,-0.0,-0.0
1213,12,FL,CTCs and EITCs,0.0,-0.0,-0.0,-0.0,-0.0
1227,12,FL,CTCs,0.0,-0.0,-0.0,-0.0,-0.0
1227,12,FL,EITCs,0.0,-0.0,-0.0,-0.0,-0.0
1227,12,FL,CTCs and EITCs,0.0,-0.0,-0.0,-0.0,-0.0
1218,12,FL,CTCs,0.0,-0.0,-0.0,-0.0,-0.0
1218,12,FL,EITCs,0.0,-0.0,-0.0,-0.0,-0.0
1218,12,FL,CTCs and EITCs,0.0,-0.0,-0.0,-0.0,-0.0
1221,12,FL,CTCs,0.0,-0.0,-0.0,-0.0,-0.0
1221,12,FL,EITCs,0.0,-0.0,-0.0,-0.0,-0.0
1221,12,FL,CTCs and EITCs,0.0,-0.0,-0.0,-0.0,-0.0
1216,12,FL,CTCs,0.0,-0.0,-0.0,-0.0,-0.0
1216,12,FL,EITCs,0.0,-0.0,-0.0,-0.0,-0.0
1216,12,FL,CTCs and EITCs,0.0,-0.0,-0.0,-0.0,-0.0
1223,12,FL,CTCs,0.0,-0.0,-0.0,-0.0,-0.0
1223,12,FL,EITCs,0.0,-0.0,-0.0,-0.0,-0.0
1223,12,FL,CTCs and EITCs,0.0,-0.0,-0.0,-0.0,-0.0
1217,12,FL,CTCs,0.0,-0.0,-0.0,-0.0,-0.0
1217,12,FL,EITCs,0.0,-0.0,-0.0,-0.0,-0.0
1217,12,FL,CTCs and EITCs,0.0,-0.0,-0.0,-0.0,-0.0
1211,12,FL,CTCs,0.0,-0.0,-0.0,-0.0,-0.0
1211,12,FL,EITCs,0.0,-0.0,-0.0,-0.0,-0.0
1211,12,FL,CTCs and EITCs,0.0,-0.0,-0.0,-0.0,-0.0
1204,12,FL,CTCs,0.0,-0.0,-0.0,-0.0,-0.0
1204,12,FL,EITCs,0.0,-0.0,-0.0,-0.0,-0.0
1204,12,FL,CTCs and EITCs,0.0,-0.0,-0.0,-0.0,-0.0
1215,12,FL,CTCs,0.0,-0.0,-0.0,-0.0,-0.0
1215,12,FL,EITCs,0.0,-0.0,-0.0,-0.0,-0.0
1215,12,FL,CTCs and EITCs,0.0,-0.0,-0.0,-0.0,-0.0
1203,12,FL,CTCs,0.0,-0.0,-0.0,-0.0,-0.0
1203,12,FL,EITCs,0.0,-0.0,-0.0,-0.0,-0.0
1203,12,FL,CTCs and EITCs,0.0,-0.0,-0.0,-0.0,-0.0
1205,12,FL,CTCs,0.0,-0.0,-0.0,-0.0,-0.0
1205,12,FL,EITCs,0.0,-0.0,-0.0,-0.0,-0.0
1205,12,FL,CTCs and EITCs,0.0,-0.0,-0.0,-0.0,-0.0
1219,12,FL,CTCs,0.0,-0.0,-0.0,-0.0,-0.0
1219,12,FL,EITCs,0.0,-0.0,-0.0,-0.0,-0.0
1219,12,FL,CTCs and EITCs,0.0,-0.0,-0.0,-0.0,-0.0
1228,12,FL,CTCs,0.0,-0.0,-0.0,-0.0,-0.0
1228,12,FL,EITCs,0.0,-0.0,-0.0,-0.0,-0.0
1228,12,FL,CTCs and EITCs,0.0,-0.0,-0.0,-0.0,-0.0
1220,12,FL,CTCs,0.0,-0.0,-0.0,-0.0,-0.0
1220,12,FL,EITCs,0.0,-0.0,-0.0,-0.0,-0.0
1220,12,FL,CTCs and EITCs,0.0,-0.0,-0.0,-0.0,-0.0
1225,12,FL,CTCs,0.0,-0.0,-0.0,-0.0,-0.0
1225,12,FL,EITCs,0.0,-0.0,-0.0,-0.0,-0.0
1225,12,FL,CTCs and EITCs,0.0,-0.0,-0.0,-0.0,-0.0
1208,12,FL,CTCs,0.0,-0.0,-0.0,-0.0,-0.0
1208,12,FL,EITCs,0.0,-0.0,-0.0,-0.0,-0.0
1208,12,FL,CTCs and EITCs,0.0,-0.0,-0.0,-0.0,-0.0
1209,12,FL,CTCs,0.0,-0.0,-0.0,-0.0,-0.0
1209,12,FL,EITCs,0.0,-0.0,-0.0,-0.0,-0.0
1209,12,FL,CTCs and EITCs,0.0,-0.0,-0.0,-0.0,-0.0
1226,12,FL,CTCs,0.0,-0.0,-0.0,-0.0,-0.0
1226,12,FL,EITCs,0.0,-0.0,-0.0,-0.0,-0.0
1226,12,FL,CTCs and EITCs,0.0,-0.0,-0.0,-0.0,-0.0
1207,12,FL,CTCs,0.0,-0.0,-0.0,-0.0,-0.0
1207,12,FL,EITCs,0.0,-0.0,-0.0,-0.0,-0.0
1207,12,FL,CTCs and EITCs,0.0,-0.0,-0.0,-0.0,-0.0
1210,12,FL,CTCs,0.0,-0.0,-0.0,-0.0,-0.0
1210,12,FL,EITCs,0.0,-0.0,-0.0,-0.0,-0.0
1210,12,FL,CTCs and EITCs,0.0,-0.0,-0.0,-0.0,-0.0
1222,12,FL,CTCs,0.0,-0.0,-0.0,-0.0,-0.0
1222,12,FL,EITCs,0.0,-0.0,-0.0,-0.0,-0.0
1222,12,FL,CTCs and EITCs,0.0,-0.0,-0.0,-0.0,-0.0
1212,12,FL,CTCs,0.0,-0.0,-0.0,-0.0,-0.0
1212,12,FL,EITCs,0.0,-0.0,-0.0,-0.0,-0.0
1212,12,FL,CTCs and EITCs,0.0,-0.0,-0.0,-0.0,-0.0
1224,12,FL,CTCs,0.0,-0.0,-0.0,-0.0,-0.0
1224,12,FL,EITCs,0.0,-0.0,-0.0,-0.0,-0.0
1224,12,FL,CTCs and EITCs,0.0,-0.0,-0.0,-0.0,-0.0
1202,12,FL,CTCs,0.0,-0.0,-0.0,-0.0,-0.0
1202,12,FL,EITCs,0.0,-0.0,-0.0,-0.0,-0.0
1202,12,FL,CTCs and EITCs,0.0,-0.0,-0.0,-0.0,-0.0
1301,13,GA,CTCs,0.0,-0.0,-0.0,-0.0,-0.0
1301,13,GA,EITCs,0.0,-0.0,-0.0,-0.0,-0.0
1301,13,GA,CTCs and EITCs,0.0,-0.0,-0.0,-0.0,-0.0
1307,13,GA,CTCs,0.0,-0.0,-0.0,-0.0,-0.0
1307,13,GA,EITCs,0.0,-0.0,-0.0,-0.0,-0.0
1307,13,GA,CTCs and EITCs,0.0,-0.0,-0.0,-0.0,-0.0
1311,13,GA,CTCs,0.0,-0.0,-0.0,-0.0,-0.0
1311,13,GA,EITCs,0.0,-0.0,-0.0,-0.0,-0.0
1311,13,GA,CTCs and EITCs,0.0,-0.0,-0.0,-0.0,-0.0
1310,13,GA,CTCs,0.0,-0.0,-0.0,-0.0,-0.0
1310,13,GA,EITCs,0.0,-0.0,-0.0,-0.0,-0.0
1310,13,GA,CTCs and EITCs,0.0,-0.0,-0.0,-0.0,-0.0
1302,13,GA,CTCs,0.0,-0.0,-0.0,-0.0,-0.0
1302,13,GA,EITCs,0.0,-0.0,-0.0,-0.0,-0.0
1302,13,GA,CTCs and EITCs,0.0,-0.0,-0.0,-0.0,-0.0
1313,13,GA,CTCs,0.0,-0.0,-0.0,-0.0,-0.0
1313,13,GA,EITCs,0.0,-0.0,-0.0,-0.0,-0.0
1313,13,GA,CTCs and EITCs,0.0,-0.0,-0.0,-0.0,-0.0
1303,13,GA,CTCs,0.0,-0.0,-0.0,-0.0,-0.0
1303,13,GA,EITCs,0.0,-0.0,-0.0,-0.0,-0.0
1303,13,GA,CTCs and EITCs,0.0,-0.0,-0.0,-0.0,-0.0
1306,13,GA,CTCs,0.0,-0.0,-0.0,-0.0,-0.0
1306,13,GA,EITCs,0.0,-0.0,-0.0,-0.0,-0.0
1306,13,GA,CTCs and EITCs,0.0,-0.0,-0.0,-0.0,-0.0
1312,13,GA,CTCs,0.0,-0.0,-0.0,-0.0,-0.0
1312,13,GA,EITCs,0.0,-0.0,-0.0,-0.0,-0.0
1312,13,GA,CTCs and EITCs,0.0,-0.0,-0.0,-0.0,-0.0
1314,13,GA,CTCs,0.0,-0.0,-0.0,-0.0,-0.0
1314,13,GA,EITCs,0.0,-0.0,-0.0,-0.0,-0.0
1314,13,GA,CTCs and EITCs,0.0,-0.0,-0.0,-0.0,-0.0
1309,13,GA,CTCs,0.0,-0.0,-0.0,-0.0,-0.0
1309,13,GA,EITCs,0.0,-0.0,-0.0,-0.0,-0.0
1309,13,GA,CTCs and EITCs,0.0,-0.0,-0.0,-0.0,-0.0
1308,13,GA,CTCs,0.0,-0.0,-0.0,-0.0,-0.0
1308,13,GA,EITCs,0.0,-0.0,-0.0,-0.0,-0.0
1308,13,GA,CTCs and EITCs,0.0,-0.0,-0.0,-0.0,-0.0
1304,13,GA,CTCs,0.0,-0.0,-0.0,-0.0,-0.0
1304,13,GA,EITCs,0.0,-0.0,-0.0,-0.0,-0.0
1304,13,GA,CTCs and EITCs,0.0,-0.0,-0.0,-0.0,-0.0
1305,13,GA,CTCs,0.0,-0.0,-0.0,-0.0,-0.0
1305,13,GA,EITCs,0.0,-0.0,-0.0,-0.0,-0.0
1305,13,GA,CTCs and EITCs,0.0,-0.0,-0.0,-0.0,-0.0
1502,15,HI,CTCs,0.0,-0.0,-0.0,-0.0,-0.0
1502,15,HI,EITCs,44333056.0,0.02300851233303547,0.044472016394138336,0.0010978468833649417,-0.0
1502,15,HI,CTCs and EITCs,44333056.0,0.02300851233303547,0.044472016394138336,0.0010978468833649417,-0.0
1501,15,HI,CTCs,0.0,-0.0,-0.0,-0.0,-0.0
1501,15,HI,EITCs,44747776.0,0.018696768209338188,0.03877855837345123,0.0012196328573451484,-0.0
1501,15,HI,CTCs and EITCs,44747776.0,0.018696768209338188,0.03877855837345123,0.0012196328573451484,-0.0
1601,16,ID,CTCs,16803840.0,-0.0,-0.0,2.3769546395773613e-05,-0.0
1601,16,ID,EITCs,0.0,-0.0,-0.0,-0.0,-0.0
1601,16,ID,CTCs and EITCs,16803840.0,-0.0,-0.0,2.3769546395773613e-05,-0.0
1602,16,ID,CTCs,17690624.0,-0.0,-0.0,5.286036485925048e-05,-0.0
1602,16,ID,EITCs,0.0,-0.0,-0.0,-0.0,-0.0
1602,16,ID,CTCs and EITCs,17690624.0,-0.0,-0.0,5.286036485925048e-05,-0.0
1709,17,IL,CTCs,2955264.0,-0.0,-0.0,0.00011193949186914371,-0.0
1709,17,IL,EITCs,24354816.0,0.007155736442655325,0.010884294286370277,0.00093835633468073,-0.0
1709,17,IL,CTCs and EITCs,24354816.0,0.007155736442655325,0.010884294286370277,0.00093835633468073,-0.0
1710,17,IL,CTCs,3145728.0,0.003372986102476716,0.006420410703867674,7.127028715783703e-05,-0.0
1710,17,IL,EITCs,25296896.0,0.031170863658189774,0.058047641068696976,0.0006225161789495973,-0.0
1710,17,IL,CTCs and EITCs,25296896.0,0.031170863658189774,0.058047641068696976,0.0006225161789495973,-0.0
1705,17,IL,CTCs,3215360.0,0.002939048921689391,0.0045378319919109344,0.0001209681214500208,-0.0
1705,17,IL,EITCs,25350144.0,0.010935801081359386,0.021145064383745193,0.000982191961290091,-0.0
1705,17,IL,CTCs and EITCs,25350144.0,0.010935801081359386,0.021145064383745193,0.000982191961290091,-0.0
1704,17,IL,CTCs,3379200.0,-0.0,-0.0,5.660183380934553e-05,-0.0
1704,17,IL,EITCs,27025408.0,0.012399355880916119,0.02088378183543682,0.0004792791340719,-0.0
1704,17,IL,CTCs and EITCs,27025408.0,0.012399355880916119,0.02088378183543682,0.0004792791340719,-0.0
1702,17,IL,CTCs,3057664.0,0.005521421320736408,0.012113860808312893,5.8330264671122786e-05,-0.0
1702,17,IL,EITCs,24778752.0,0.020639043301343918,0.03453318029642105,0.0005237519477976506,-0.0
1702,17,IL,CTCs and EITCs,24778752.0,0.020639043301343918,0.03453318029642105,0.0005237519477976506,-0.0
1712,17,IL,CTCs,3115008.0,0.0034587555564939976,0.0034656915813684464,2.7214118357787683e-05,-0.0
1712,17,IL,EITCs,25665536.0,0.007913675159215927,0.013410909101366997,0.00027698938415113506,-0.0
1712,17,IL,CTCs and EITCs,25665536.0,0.007913675159215927,0.013410909101366997,0.00027698938415113506,-0.0
1701,17,IL,CTCs,3072000.0,2.882164335460402e-05,7.519756763940677e-05,6.118628191630846e-05,-0.0
1701,17,IL,EITCs,24590336.0,0.014199193567037582,0.028579190373420715,0.0005374760001544814,-0.0
1701,17,IL,CTCs and EITCs,24590336.0,0.014199193567037582,0.028579190373420715,0.0005374760001544814,-0.0
1716,17,IL,CTCs,2940928.0,-0.0,-0.0,4.716350988817148e-05,-0.0
1716,17,IL,EITCs,24231936.0,0.017881469801068306,0.026596128940582275,0.0005013071826655936,-0.0
1716,17,IL,CTCs and EITCs,24231936.0,0.017881469801068306,0.026596128940582275,0.0005013071826655936,-0.0
1708,17,IL,CTCs,3194880.0,0.0019001010805368423,0.0038507513236254454,8.780900984535986e-05,-0.0
1708,17,IL,EITCs,26220544.0,0.017090903595089912,0.027595823630690575,0.0007541967081883056,-0.0
1708,17,IL,CTCs and EITCs,26220544.0,0.017090903595089912,0.027595823630690575,0.0007541967081883056,-0.0
1703,17,IL,CTCs,2989056.0,0.0002636810240801424,0.000690421205945313,6.50911833712885e-05,-0.0
1703,17,IL,EITCs,24186880.0,0.02939862571656704,0.05395686998963356,0.000590951324947289,-0.0
1703,17,IL,CTCs and EITCs,24186880.0,0.02939862571656704,0.05395686998963356,0.000590951324947289,-0.0
1711,17,IL,CTCs,3298304.0,-0.0,-0.0,5.9758408038377744e-05,-0.0
1711,17,IL,EITCs,26490880.0,0.018053283914923668,0.031839825212955475,0.0005297302332051544,-0.0
1711,17,IL,CTCs and EITCs,26490880.0,0.018053283914923668,0.031839825212955475,0.0005297302332051544,-0.0
1706,17,IL,CTCs,3231744.0,0.005870692897588015,0.01543210819363594,8.868937395022344e-05,-0.0
1706,17,IL,EITCs,25841664.0,0.031140653416514397,0.06379058212041855,0.0007580723749753465,-0.0
1706,17,IL,CTCs and EITCs,25841664.0,0.031140653416514397,0.06379058212041855,0.0007580723749753465,-0.0
1715,17,IL,CTCs,3072000.0,0.0029787353705614805,0.006112088914960623,4.619742068175754e-05,-0.0
1715,17,IL,EITCs,24723456.0,0.00866195373237133,0.020581861957907677,0.0004295737055488375,-0.0
1715,17,IL,CTCs and EITCs,24723456.0,0.00866195373237133,0.020581861957907677,0.0004295737055488375,-0.0
1707,17,IL,CTCs,2932736.0,0.0015460385475307703,0.003300696611404419,9.083239847168333e-05,-0.0
1707,17,IL,EITCs,24489984.0,0.032963939011096954,0.0560537613928318,0.0008034932035564951,-0.0
1707,17,IL,CTCs and EITCs,24489984.0,0.032963939011096954,0.0560537613928318,0.0008034932035564951,-0.0
1713,17,IL,CTCs,3170304.0,-0.0,-0.0,5.787583643716642e-05,-0.0
1713,17,IL,EITCs,25958400.0,0.023370612412691116,0.03559127077460289,0.0005795969561649235,-0.0
1713,17,IL,CTCs and EITCs,25958400.0,0.023370612412691116,0.03559127077460289,0.0005795969561649235,-0.0
1717,17,IL,CTCs,3112960.0,0.005308946594595909,0.014847422018647194,5.7682115367340804e-05,-0.0
1717,17,IL,EITCs,25581568.0,0.014698972925543785,0.034877926111221313,0.0004934680359371895,-0.0
1717,17,IL,CTCs and EITCs,25581568.0,0.014698972925543785,0.034877926111221313,0.0004934680359371895,-0.0
1714,17,IL,CTCs,3129344.0,0.00696441950276494,0.010494723916053772,6.251848028805004e-05,-0.0
1714,17,IL,EITCs,25432064.0,0.02382570691406727,0.041944269090890884,0.0005811435256402941,-0.0
1714,17,IL,CTCs and EITCs,25432064.0,0.02382570691406727,0.041944269090890884,0.0005811435256402941,-0.0
1804,18,IN,CTCs,0.0,-0.0,-0.0,-0.0,-0.0
1804,18,IN,EITCs,11506688.0,4.615585567080416e-06,8.233672815549653e-06,0.00021725129846271338,-0.0
1804,18,IN,CTCs and EITCs,11506688.0,4.615585567080416e-06,8.233672815549653e-06,0.00021725129846271338,-0.0
1807,18,IN,CTCs,0.0,-0.0,-0.0,-0.0,-0.0
1807,18,IN,EITCs,11476992.0,0.0013686236925423145,0.0024817469529807568,0.00018531545710010687,-0.0
1807,18,IN,CTCs and EITCs,11476992.0,0.0013686236925423145,0.0024817469529807568,0.00018531545710010687,-0.0
1801,18,IN,CTCs,0.0,-0.0,-0.0,-0.0,-0.0
1801,18,IN,EITCs,11105280.0,0.012441640719771385,0.02725544013082981,0.00020381419934708048,-0.0
1801,18,IN,CTCs and EITCs,11105280.0,0.012441640719771385,0.02725544013082981,0.00020381419934708048,-0.0
1808,18,IN,CTCs,0.0,-0.0,-0.0,-0.0,-0.0
1808,18,IN,EITCs,11077632.0,0.00979183241724968,0.007080364506691694,0.00016482942209232853,-0.0
1808,18,IN,CTCs and EITCs,11077632.0,0.00979183241724968,0.007080364506691694,0.00016482942209232853,-0.0
1809,18,IN,CTCs,0.0,-0.0,-0.0,-0.0,-0.0
1809,18,IN,EITCs,10987520.0,0.01819569617509842,0.03843945637345314,0.00020783248429603372,-0.0
1809,18,IN,CTCs and EITCs,10987520.0,0.01819569617509842,0.03843945637345314,0.00020783248429603372,-0.0
1805,18,IN,CTCs,0.0,-0.0,-0.0,-0.0,-0.0
1805,18,IN,EITCs,10813440.0,0.00445306021720171,0.0014472940238192677,0.0002464172352169929,-0.0
1805,18,IN,CTCs and EITCs,10813440.0,0.00445306021720171,0.0014472940238192677,0.0002464172352169929,-0.0
1806,18,IN,CTCs,0.0,-0.0,-0.0,-0.0,-0.0
1806,18,IN,EITCs,10024960.0,0.010057197883725166,0.021353300660848618,0.0001873841572444553,-0.0
1806,18,IN,CTCs and EITCs,10024960.0,0.010057197883725166,0.021353300660848618,0.0001873841572444553,-0.0
1802,18,IN,CTCs,0.0,-0.0,-0.0,-0.0,-0.0
1802,18,IN,EITCs,10868736.0,0.008893823251128197,0.016829881817102432,0.00018940222841170174,-0.0
1802,18,IN,CTCs and EITCs,10868736.0,0.008893823251128197,0.016829881817102432,0.00018940222841170174,-0.0
1803,18,IN,CTCs,0.0,-0.0,-0.0,-0.0,-0.0
1803,18,IN,EITCs,11020288.0,0.004659054335206747,0.007631951943039894,0.00015216636142510192,-0.0
1803,18,IN,CTCs and EITCs,11020288.0,0.004659054335206747,0.007631951943039894,0.00015216636142510192,-0.0
1902,19,IA,CTCs,0.0,-0.0,-0.0,-0.0,-0.0
1902,19,IA,EITCs,16144384.0,0.0016189272282645106,-0.0,0.0003100502472931758,-0.0
1902,19,IA,CTCs and EITCs,16144384.0,0.0016189272282645106,-0.0,0.0003100502472931758,-0.0
1904,19,IA,CTCs,0.0,-0.0,-0.0,-0.0,-0.0
1904,19,IA,EITCs,15869952.0,0.00014581294090021402,0.000393443537177518,0.00022003484460069011,-0.0
1904,19,IA,CTCs and EITCs,15869952.0,0.00014581294090021402,0.000393443537177518,0.00022003484460069011,-0.0
1901,19,IA,CTCs,0.0,-0.0,-0.0,-0.0,-0.0
1901,19,IA,EITCs,16051200.0,0.010886644944548607,0.011942501179873943,0.0002378782294432075,-0.0
1901,19,IA,CTCs and EITCs,16051200.0,0.010886644944548607,0.011942501179873943,0.0002378782294432075,-0.0
1903,19,IA,CTCs,0.0,-0.0,-0.0,-0.0,-0.0
1903,19,IA,EITCs,17967104.0,0.016904138028621674,0.03665356710553169,0.00038594506078270055,-0.0
1903,19,IA,CTCs and EITCs,17967104.0,0.016904138028621674,0.03665356710553169,0.00038594506078270055,-0.0
2004,20,KS,CTCs,0.0,-0.0,-0.0,-0.0,-0.0
2004,20,KS,EITCs,19030016.0,0.013799287378787994,0.030954556539654732,0.00028558008939057785,-0.0
2004,20,KS,CTCs and EITCs,19030016.0,0.013799287378787994,0.030954556539654732,0.00028558008939057785,-0.0
2002,20,KS,CTCs,0.0,-0.0,-0.0,-0.0,-0.0
2002,20,KS,EITCs,18165760.0,0.007222166284918785,0.017507150769233704,0.0003711413718236794,-0.0
2002,20,KS,CTCs and EITCs,18165760.0,0.007222166284918785,0.017507150769233704,0.0003711413718236794,-0.0
2001,20,KS,CTCs,0.0,-0.0,-0.0,-0.0,-0.0
2001,20,KS,EITCs,18489344.0,0.002972604241222143,0.007090844213962555,0.0003183712089789933,-0.0
2001,20,KS,CTCs and EITCs,18489344.0,0.002972604241222143,0.007090844213962555,0.0003183712089789933,-0.0
2003,20,KS,CTCs,0.0,-0.0,-0.0,-0.0,-0.0
2003,20,KS,EITCs,18159616.0,0.015064418315887451,0.02615327388048172,0.0004890217320497551,-0.0
2003,20,KS,CTCs and EITCs,18159616.0,0.015064418315887451,0.02615327388048172,0.0004890217320497551,-0.0
2101,21,KY,CTCs,0.0,-0.0,-0.0,-0.0,-0.0
2101,21,KY,EITCs,0.0,-0.0,-0.0,-0.0,-0.0
2101,21,KY,CTCs and EITCs,0.0,-0.0,-0.0,-0.0,-0.0
2106,21,KY,CTCs,0.0,-0.0,-0.0,-0.0,-0.0
2106,21,KY,EITCs,0.0,-0.0,-0.0,-0.0,-0.0
2106,21,KY,CTCs and EITCs,0.0,-0.0,-0.0,-0.0,-0.0
2104,21,KY,CTCs,0.0,-0.0,-0.0,-0.0,-0.0
2104,21,KY,EITCs,0.0,-0.0,-0.0,-0.0,-0.0
2104,21,KY,CTCs and EITCs,0.0,-0.0,-0.0,-0.0,-0.0
2105,21,KY,CTCs,0.0,-0.0,-0.0,-0.0,-0.0
2105,21,KY,EITCs,0.0,-0.0,-0.0,-0.0,-0.0
2105,21,KY,CTCs and EITCs,0.0,-0.0,-0.0,-0.0,-0.0
2103,21,KY,CTCs,0.0,-0.0,-0.0,-0.0,-0.0
2103,21,KY,EITCs,0.0,-0.0,-0.0,-0.0,-0.0
2103,21,KY,CTCs and EITCs,0.0,-0.0,-0.0,-0.0,-0.0
2102,21,KY,CTCs,0.0,-0.0,-0.0,-0.0,-0.0
2102,21,KY,EITCs,0.0,-0.0,-0.0,-0.0,-0.0
2102,21,KY,CTCs and EITCs,0.0,-0.0,-0.0,-0.0,-0.0
2205,22,LA,CTCs,0.0,-0.0,-0.0,-0.0,-0.0
2205,22,LA,EITCs,5444096.0,0.0015186395030468702,0.003991004079580307,5.601744254609421e-05,-0.0
2205,22,LA,CTCs and EITCs,5444096.0,0.0015186395030468702,0.003991004079580307,5.601744254609421e-05,-0.0
2204,22,LA,CTCs,0.0,-0.0,-0.0,-0.0,-0.0
2204,22,LA,EITCs,5726208.0,0.0002607080386951566,-0.0,8.547071992278958e-05,-0.0
2204,22,LA,CTCs and EITCs,5726208.0,0.0002607080386951566,-0.0,8.547071992278958e-05,-0.0
2206,22,LA,CTCs,0.0,-0.0,-0.0,-0.0,-0.0
2206,22,LA,EITCs,5873664.0,0.005648479331284761,0.011505268514156342,0.00011131510371273554,-0.0
2206,22,LA,CTCs and EITCs,5873664.0,0.005648479331284761,0.011505268514156342,0.00011131510371273554,-0.0
2203,22,LA,CTCs,0.0,-0.0,-0.0,-0.0,-0.0
2203,22,LA,EITCs,5376000.0,0.0055712382309138775,0.00860187690705061,9.106157617931772e-05,-0.0
2203,22,LA,CTCs and EITCs,5376000.0,0.0055712382309138775,0.00860187690705061,9.106157617931772e-05,-0.0
2201,22,LA,CTCs,0.0,-0.0,-0.0,-0.0,-0.0
2201,22,LA,EITCs,5806080.0,0.009124823845922947,0.016482273116707802,0.0001089400658798988,-0.0
2201,22,LA,CTCs and EITCs,5806080.0,0.009124823845922947,0.016482273116707802,0.0001089400658798988,-0.0
2202,22,LA,CTCs,0.0,-0.0,-0.0,-0.0,-0.0
2202,22,LA,EITCs,5405696.0,0.0020225930493324995,0.003623558208346367,0.00010597946931887724,-0.0
2202,22,LA,CTCs and EITCs,5405696.0,0.0020225930493324995,0.003623558208346367,0.00010597946931887724,-0.0
2302,23,ME,CTCs,56279040.0,0.019818875938653946,0.0461740642786026,0.00045770498763533963,-0.0
2302,23,ME,EITCs,29810688.0,0.01157489512115717,0.02326044999063015,0.00036110835341454753,-0.0
2302,23,ME,CTCs and EITCs,86089728.0,0.03826581686735153,0.07605542242527008,0.0008305721775156553,-0.0
2301,23,ME,CTCs,57393152.0,0.033282920718193054,0.06426852196455002,0.0008230292838351232,-0.0
2301,23,ME,EITCs,29286400.0,0.034638747572898865,0.06606537848711014,0.0006716104003261312,-0.0
2301,23,ME,CTCs and EITCs,86677504.0,0.04943244159221649,0.09130288660526276,0.0015360526516252303,-0.0
2407,24,MD,CTCs,6706176.0,0.005286660511046648,0.010414252057671547,0.00021306780697384815,-0.0
2407,24,MD,EITCs,54877184.0,0.04623996466398239,0.07652243971824646,0.0010716745927023873,-0.0
2407,24,MD,CTCs and EITCs,61583360.0,0.047780945897102356,0.0804164856672287,0.0012995162548135996,-0.0
2408,24,MD,CTCs,6338560.0,-0.0,-0.0,0.00023151892268618264,-0.0
2408,24,MD,EITCs,75163648.0,0.01674511283636093,0.03125036507844925,0.002882834899181961,-0.0
2408,24,MD,CTCs and EITCs,81500160.0,0.01674511283636093,0.03125036507844925,0.003113021038030352,-0.0
2401,24,MD,CTCs,5400576.0,0.001137651619501412,0.0021624278742820024,0.0002532129278138778,-0.0
2401,24,MD,EITCs,53188608.0,0.05406363680958748,0.10080627351999283,0.0012608159898119336,-0.0
2401,24,MD,CTCs and EITCs,58591232.0,0.05509515106678009,0.10257826745510101,0.0015326771722575724,-0.0
2402,24,MD,CTCs,7305216.0,0.0017393159214407206,0.0025534643791615963,0.00031393949245796336,-0.0
2402,24,MD,EITCs,51849216.0,0.02583051659166813,0.035218171775341034,0.0018139101387771729,-0.0
2402,24,MD,CTCs and EITCs,59154432.0,0.026487501338124275,0.035945724695920944,0.0021270282646911414,-0.0
2403,24,MD,CTCs,6946816.0,0.000986070604994893,0.0016930151032283902,0.0002899105352936063,-0.0
2403,24,MD,EITCs,54546432.0,0.017342951148748398,0.032501302659511566,0.0018048937331949567,-0.0
2403,24,MD,CTCs and EITCs,61497344.0,0.018295131623744965,0.03408614546060562,0.0020937588383341307,-0.0
2404,24,MD,CTCs,6339584.0,-0.0,-0.0,0.00021323467928815619,-0.0
2404,24,MD,EITCs,51956736.0,0.027653822675347328,0.05529262498021126,0.0014300812658783518,-0.0
2404,24,MD,CTCs and EITCs,58296320.0,0.027653822675347328,0.05529262498021126,0.0016427065133329654,-0.0
2406,24,MD,CTCs,6107136.0,-0.0,-0.0,0.00032793771898941503,-0.0
2406,24,MD,EITCs,64114688.0,0.03581053763628006,0.05803322046995163,0.0025351955525965185,-0.0
2406,24,MD,CTCs and EITCs,70219776.0,0.03581053763628006,0.05803322046995163,0.0028650634008681912,-0.0
2405,24,MD,CTCs,5517312.0,3.0688158858538372e-06,1.3411412282948731e-06,0.00031792018315765594,-0.0
2405,24,MD,EITCs,49913856.0,0.020889485254883766,0.04253119230270386,0.0022574692427624996,-0.0
2405,24,MD,CTCs and EITCs,55429120.0,0.020889485254883766,0.04253119230270386,0.0025739582816777873,-0.0
2507,25,MA,CTCs,52871168.0,0.014882451854646206,0.028822029009461403,0.0011865143906981622,-0.0
2507,25,MA,EITCs,46448640.0,0.012403538450598717,0.024521123617887497,0.001836806291108371,-0.0
2507,25,MA,CTCs and EITCs,99319808.0,0.023009585216641426,0.044159628450870514,0.0030568919422139266,-0.0
2504,25,MA,CTCs,53469184.0,0.010331864468753338,0.01856827363371849,0.0008844686362966157,-0.0
2504,25,MA,EITCs,44425216.0,0.029952028766274452,0.0421658530831337,0.0013019602441146506,-0.0
2504,25,MA,CTCs and EITCs,97894400.0,0.04303008317947388,0.06848184019327164,0.002227318930248093,-0.0
2505,25,MA,CTCs,53691392.0,0.011735743843019009,0.022199656814336777,0.001362744425352732,-0.0
2505,25,MA,EITCs,45381632.0,0.008609854616224766,0.01709829457104206,0.0018388136999008776,-0.0
2505,25,MA,CTCs and EITCs,99073024.0,0.021933479234576225,0.04250591620802879,0.0032137350352207717,-0.0
2506,25,MA,CTCs,50741248.0,0.009832737036049366,0.01705631986260414,0.0011598862182043328,-0.0
2506,25,MA,EITCs,42904576.0,0.018675383180379868,0.03127023205161095,0.0018303215005165403,-0.0
2506,25,MA,CTCs and EITCs,93646848.0,0.026235856115818024,0.045922815799713135,0.003015521880545535,-0.0
2509,25,MA,CTCs,53149696.0,0.026547834277153015,0.04932323843240738,0.001235133504475292,-0.0
2509,25,MA,EITCs,44562432.0,0.0410616472363472,0.06955844908952713,0.0016762938482060002,-0.0
2509,25,MA,CTCs and EITCs,97712128.0,0.06468915939331055,0.11432568728923798,0.00298528589308575,-0.0
2502,25,MA,CTCs,56647680.0,0.026871241629123688,0.05344640463590622,0.0005992934791910525,-0.0
2502,25,MA,EITCs,45124608.0,0.039670318365097046,0.07198255509138107,0.0007166669165690359,-0.0
2502,25,MA,CTCs and EITCs,101770752.0,0.05553391948342323,0.10230362415313721,0.0013576692173496976,-0.0
2508,25,MA,CTCs,52703232.0,0.009761308319866657,0.018428126350045204,0.0014217556390640645,-0.0
2508,25,MA,EITCs,43892736.0,0.014122426509857178,0.024993743747472763,0.002040652428821379,-0.0
2508,25,MA,CTCs and EITCs,96598016.0,0.02357422560453415,0.04619640111923218,0.0034989748246162912,-0.0
2501,25,MA,CTCs,54398976.0,0.01086786761879921,0.024326831102371216,0.0008199577370121211,-0.0
2501,25,MA,EITCs,48951296.0,0.027319787070155144,0.043847814202308655,0.0010820498540599402,-0.0
2501,25,MA,CTCs and EITCs,103350272.0,0.0421324260532856,0.07441313564777374,0.0019329250261403072,-0.0
2503,25,MA,CTCs,51318784.0,0.012751694768667221,0.02864120528101921,0.0008622752030964118,-0.0
2503,25,MA,EITCs,43790336.0,0.03399738669395447,0.05988940969109535,0.001255189087575358,-0.0
2503,25,MA,CTCs and EITCs,95112192.0,0.046042513102293015,0.08677808195352554,0.002164202909582054,-0.0
2605,26,MI,CTCs,0.0,-0.0,-0.0,-0.0,-0.0
2605,26,MI,EITCs,32915456.0,0.010941351763904095,0.020257294178009033,0.0006369042304888641,-0.0
2605,26,MI,CTCs and EITCs,32915456.0,0.010941351763904095,0.020257294178009033,0.0006369042304888641,-0.0
2612,26,MI,CTCs,0.0,-0.0,-0.0,-0.0,-0.0
2612,26,MI,EITCs,31938560.0,0.015662509948015213,0.02922174148261547,0.0004326764608112357,-0.0
2612,26,MI,CTCs and EITCs,31938560.0,0.015662509948015213,0.02922174148261547,0.0004326764608112357,-0.0
2608,26,MI,CTCs,0.0,-0.0,-0.0,-0.0,-0.0
2608,26,MI,EITCs,33452032.0,0.013380204327404499,0.02585611492395401,0.00037937346308429515,-0.0
2608,26,MI,CTCs and EITCs,33452032.0,0.013380204327404499,0.02585611492395401,0.00037937346308429515,-0.0
2603,26,MI,CTCs,0.0,-0.0,-0.0,-0.0,-0.0
2603,26,MI,EITCs,31942656.0,0.011902865022420883,0.021000804379582405,0.0006398797176488117,-0.0
2603,26,MI,CTCs and EITCs,31942656.0,0.011902865022420883,0.021000804379582405,0.0006398797176488117,-0.0
2610,26,MI,CTCs,0.0,-0.0,-0.0,-0.0,-0.0
2610,26,MI,EITCs,33988608.0,0.019959529861807823,0.04363128915429115,0.0006516365584448466,-0.0
2610,26,MI,CTCs and EITCs,33988608.0,0.019959529861807823,0.04363128915429115,0.0006516365584448466,-0.0
2611,26,MI,CTCs,0.0,-0.0,-0.0,-0.0,-0.0
2611,26,MI,EITCs,32784384.0,0.026735616847872734,0.045616861432790756,0.0006359772233965757,-0.0
2611,26,MI,CTCs and EITCs,32784384.0,0.026735616847872734,0.045616861432790756,0.0006359772233965757,-0.0
2601,26,MI,CTCs,0.0,-0.0,-0.0,-0.0,-0.0
2601,26,MI,EITCs,34410496.0,0.01961418241262436,0.02919110096991062,0.0005979270926348929,-0.0
2601,26,MI,CTCs and EITCs,34410496.0,0.01961418241262436,0.02919110096991062,0.0005979270926348929,-0.0
2602,26,MI,CTCs,0.0,-0.0,-0.0,-0.0,-0.0
2602,26,MI,EITCs,31449088.0,0.018846577033400536,0.027227455750107765,0.000580636562216577,-0.0
2602,26,MI,CTCs and EITCs,31449088.0,0.018846577033400536,0.027227455750107765,0.000580636562216577,-0.0
2606,26,MI,CTCs,0.0,-0.0,-0.0,-0.0,-0.0
2606,26,MI,EITCs,33753088.0,0.023835469037294388,0.038352563977241516,0.0006266959189580172,-0.0
2606,26,MI,CTCs and EITCs,33753088.0,0.023835469037294388,0.038352563977241516,0.0006266959189580172,-0.0
2604,26,MI,CTCs,0.0,-0.0,-0.0,-0.0,-0.0
2604,26,MI,EITCs,33114112.0,0.023336580023169518,0.04628175124526024,0.0005105420187633692,-0.0
2604,26,MI,CTCs and EITCs,33114112.0,0.023336580023169518,0.04628175124526024,0.0005105420187633692,-0.0
2613,26,MI,CTCs,0.0,-0.0,-0.0,-0.0,-0.0
2613,26,MI,EITCs,34703360.0,0.021528879180550575,0.029763897880911827,0.0004624952964561128,-0.0
2613,26,MI,CTCs and EITCs,34703360.0,0.021528879180550575,0.029763897880911827,0.0004624952964561128,-0.0
2609,26,MI,CTCs,0.0,-0.0,-0.0,-0.0,-0.0
2609,26,MI,EITCs,33458176.0,0.018564552068710327,0.03378570079803467,0.0004769996034191952,-0.0
2609,26,MI,CTCs and EITCs,33458176.0,0.018564552068710327,0.03378570079803467,0.0004769996034191952,-0.0
2607,26,MI,CTCs,0.0,-0.0,-0.0,-0.0,-0.0
2607,26,MI,EITCs,34535424.0,0.032192662358284,0.04970530793070793,0.0004841470053235452,-0.0
2607,26,MI,CTCs and EITCs,34535424.0,0.032192662358284,0.04970530793070793,0.0004841470053235452,-0.0
2707,27,MN,CTCs,177381888.0,0.1235426515340805,0.2545798718929291,0.0016957456122217423,-0.0
2707,27,MN,EITCs,0.0,-0.0,-0.0,-0.0,-0.0
2707,27,MN,CTCs and EITCs,177381888.0,0.1235426515340805,0.2545798718929291,0.0016957456122217423,-0.0
2702,27,MN,CTCs,167031808.0,0.10059297829866409,0.1944076120853424,0.003853344808073687,-0.0
2702,27,MN,EITCs,0.0,-0.0,-0.0,-0.0,-0.0
2702,27,MN,CTCs and EITCs,167031808.0,0.10059297829866409,0.1944076120853424,0.003853344808073687,-0.0
2703,27,MN,CTCs,169793536.0,0.09532257169485092,0.1733284741640091,0.005212623238494392,-0.0
2703,27,MN,EITCs,0.0,-0.0,-0.0,-0.0,-0.0
2703,27,MN,CTCs and EITCs,169793536.0,0.09532257169485092,0.1733284741640091,0.005212623238494392,-0.0
2708,27,MN,CTCs,164631552.0,0.10546670109033585,0.237595796585083,0.002608006180016975,-0.0
2708,27,MN,EITCs,0.0,-0.0,-0.0,-0.0,-0.0
2708,27,MN,CTCs and EITCs,164631552.0,0.10546670109033585,0.237595796585083,0.002608006180016975,-0.0
2704,27,MN,CTCs,157313024.0,0.10295901447534561,0.20715729892253876,0.0027275190993921836,-0.0
2704,27,MN,EITCs,0.0,-0.0,-0.0,-0.0,-0.0
2704,27,MN,CTCs and EITCs,157313024.0,0.10295901447534561,0.20715729892253876,0.0027275190993921836,-0.0
2706,27,MN,CTCs,162446592.0,0.10702245682477951,0.20501306653022766,0.0020457733506631013,0.0
2706,27,MN,EITCs,0.0,-0.0,-0.0,-0.0,0.0
2706,27,MN,CTCs and EITCs,162446592.0,0.10702245682477951,0.20501306653022766,0.0020457733506631013,0.0
2705,27,MN,CTCs,167583744.0,0.09624689817428589,0.18537959456443787,0.00407023909478873,-0.0
2705,27,MN,EITCs,0.0,-0.0,-0.0,-0.0,-0.0
2705,27,MN,CTCs and EITCs,167583744.0,0.09624689817428589,0.18537959456443787,0.00407023909478873,-0.0
2701,27,MN,CTCs,169140224.0,0.11767464131116867,0.2634386718273163,0.0028430257687930816,-0.0
2701,27,MN,EITCs,0.0,-0.0,-0.0,-0.0,-0.0
2701,27,MN,CTCs and EITCs,169140224.0,0.11767464131116867,0.2634386718273163,0.0028430257687930816,-0.0
2801,28,MS,CTCs,0.0,-0.0,-0.0,-0.0,-0.0
2801,28,MS,EITCs,0.0,-0.0,-0.0,-0.0,-0.0
2801,28,MS,CTCs and EITCs,0.0,-0.0,-0.0,-0.0,-0.0
2804,28,MS,CTCs,0.0,-0.0,-0.0,-0.0,-0.0
2804,28,MS,EITCs,0.0,-0.0,-0.0,-0.0,-0.0
2804,28,MS,CTCs and EITCs,0.0,-0.0,-0.0,-0.0,-0.0
2802,28,MS,CTCs,0.0,-0.0,-0.0,-0.0,-0.0
2802,28,MS,EITCs,0.0,-0.0,-0.0,-0.0,-0.0
2802,28,MS,CTCs and EITCs,0.0,-0.0,-0.0,-0.0,-0.0
2803,28,MS,CTCs,0.0,-0.0,-0.0,-0.0,-0.0
2803,28,MS,EITCs,0.0,-0.0,-0.0,-0.0,-0.0
2803,28,MS,CTCs and EITCs,0.0,-0.0,-0.0,-0.0,-0.0
2904,29,MO,CTCs,0.0,-0.0,-0.0,-0.0,-0.0
2904,29,MO,EITCs,2512896.0,-0.0,-0.0,1.082754004756321e-05,-0.0
2904,29,MO,CTCs and EITCs,2512896.0,-0.0,-0.0,1.082754004756321e-05,-0.0
2908,29,MO,CTCs,0.0,-0.0,-0.0,-0.0,-0.0
2908,29,MO,EITCs,2994176.0,-0.0,-0.0,1.0253274713745125e-05,-0.0
2908,29,MO,CTCs and EITCs,2994176.0,-0.0,-0.0,1.0253274713745125e-05,-0.0
2905,29,MO,CTCs,0.0,-0.0,-0.0,-0.0,-0.0
2905,29,MO,EITCs,2502656.0,-0.0,-0.0,1.0384059346180515e-05,-0.0
2905,29,MO,CTCs and EITCs,2502656.0,-0.0,-0.0,1.0384059346180515e-05,-0.0
2901,29,MO,CTCs,0.0,-0.0,-0.0,-0.0,-0.0
2901,29,MO,EITCs,2917376.0,-0.0,-0.0,1.0474513337917796e-05,-0.0
2901,29,MO,CTCs and EITCs,2917376.0,-0.0,-0.0,1.0474513337917796e-05,-0.0
2907,29,MO,CTCs,0.0,-0.0,-0.0,-0.0,-0.0
2907,29,MO,EITCs,2578432.0,0.004524338990449905,0.011584228835999966,8.046296480285628e-06,-0.0
2907,29,MO,CTCs and EITCs,2578432.0,0.004524338990449905,0.011584228835999966,8.046296480285628e-06,-0.0
2902,29,MO,CTCs,0.0,-0.0,-0.0,-0.0,-0.0
2902,29,MO,EITCs,2839552.0,0.0006950728711672127,0.0015618994366377592,1.0909172533983206e-05,-0.0
2902,29,MO,CTCs and EITCs,2839552.0,0.0006950728711672127,0.0015618994366377592,1.0909172533983206e-05,-0.0
2903,29,MO,CTCs,0.0,-0.0,-0.0,-0.0,-0.0
2903,29,MO,EITCs,2875392.0,-0.0,-0.0,1.2619102047728744e-05,-0.0
2903,29,MO,CTCs and EITCs,2875392.0,-0.0,-0.0,1.2619102047728744e-05,-0.0
2906,29,MO,CTCs,0.0,-0.0,-0.0,-0.0,-0.0
2906,29,MO,EITCs,2505728.0,0.002588351257145405,0.006802625022828579,9.07809050872707e-06,-0.0
2906,29,MO,CTCs and EITCs,2505728.0,0.002588351257145405,0.006802625022828579,9.07809050872707e-06,-0.0
3002,30,MT,CTCs,0.0,-0.0,-0.0,-0.0,-0.0
3002,30,MT,EITCs,11227136.0,0.020763009786605835,0.02469031699001789,0.00017682687561687812,-0.0
3002,30,MT,CTCs and EITCs,11227136.0,0.020763009786605835,0.02469031699001789,0.00017682687561687812,-0.0
3001,30,MT,CTCs,0.0,-0.0,-0.0,-0.0,-0.0
3001,30,MT,EITCs,10883072.0,0.005077064968645573,0.011493328958749771,0.00018582809838212747,-0.0
3001,30,MT,CTCs and EITCs,10883072.0,0.005077064968645573,0.011493328958749771,0.00018582809838212747,-0.0
3102,31,NE,CTCs,49864704.0,0.04064439982175827,0.0730854719877243,0.0012394077958562762,-0.0
3102,31,NE,EITCs,10731520.0,0.0021697243209928274,0.002847731113433838,0.00019367255349991898,-0.0
3102,31,NE,CTCs and EITCs,60598272.0,0.04428448528051376,0.07817158848047256,0.0014401604925372402,-0.0
3103,31,NE,CTCs,47294464.0,0.022841550409793854,0.05114796385169029,0.000973568432978004,-0.0
3103,31,NE,EITCs,11779072.0,0.009875980205833912,0.01497633010149002,0.00015862483347117557,-0.0
3103,31,NE,CTCs and EITCs,59075584.0,0.028461845591664314,0.05956012010574341,0.0011375273647091396,-0.0
3101,31,NE,CTCs,46395392.0,0.028073370456695557,0.05601831153035164,0.0011597996003592983,-0.0
3101,31,NE,EITCs,11642880.0,0.005597254261374474,0.012099913321435452,0.00021075917277266505,-0.0
3101,31,NE,CTCs and EITCs,58036224.0,0.031448349356651306,0.06247687712311745,0.0013801459005990042,-0.0
3203,32,NV,CTCs,0.0,-0.0,-0.0,-0.0,-0.0
3203,32,NV,EITCs,0.0,-0.0,-0.0,-0.0,-0.0
3203,32,NV,CTCs and EITCs,0.0,-0.0,-0.0,-0.0,-0.0
3201,32,NV,CTCs,0.0,-0.0,-0.0,-0.0,-0.0
3201,32,NV,EITCs,0.0,-0.0,-0.0,-0.0,-0.0
3201,32,NV,CTCs and EITCs,0.0,-0.0,-0.0,-0.0,-0.0
3204,32,NV,CTCs,0.0,-0.0,-0.0,-0.0,-0.0
3204,32,NV,EITCs,0.0,-0.0,-0.0,-0.0,-0.0
3204,32,NV,CTCs and EITCs,0.0,-0.0,-0.0,-0.0,-0.0
3202,32,NV,CTCs,0.0,-0.0,-0.0,-0.0,-0.0
3202,32,NV,EITCs,0.0,-0.0,-0.0,-0.0,-0.0
3202,32,NV,CTCs and EITCs,0.0,-0.0,-0.0,-0.0,-0.0
3301,33,NH,CTCs,0.0,-0.0,-0.0,-0.0,-0.0
3301,33,NH,EITCs,0.0,-0.0,-0.0,-0.0,-0.0
3301,33,NH,CTCs and EITCs,0.0,-0.0,-0.0,-0.0,-0.0
3302,33,NH,CTCs,0.0,-0.0,-0.0,-0.0,-0.0
3302,33,NH,EITCs,0.0,-0.0,-0.0,-0.0,-0.0
3302,33,NH,CTCs and EITCs,0.0,-0.0,-0.0,-0.0,-0.0
3404,34,NJ,CTCs,28591104.0,0.01090484019368887,0.022311270236968994,0.0006911874293283039,-0.0
3404,34,NJ,EITCs,50533376.0,0.026935208588838577,0.05062222108244896,0.001184218788421465,-0.0
3404,34,NJ,CTCs and EITCs,79126528.0,0.03894951567053795,0.07384979724884033,0.0019080186309897696,-0.0
3401,34,NJ,CTCs,26767360.0,0.02710796520113945,0.05737224966287613,0.0010250403171283508,-0.0
3401,34,NJ,EITCs,53612544.0,0.042264673858881,0.07144410908222198,0.0018058825889666686,-0.0
3401,34,NJ,CTCs and EITCs,80379904.0,0.07130080461502075,0.12995198369026184,0.002885751770017035,-0.0
3412,34,NJ,CTCs,29997056.0,0.007681072223931551,0.016798097640275955,0.0012104968421502715,-0.0
3412,34,NJ,EITCs,55095296.0,0.02643340826034546,0.04972677677869797,0.0021057001302695697,-0.0
3412,34,NJ,CTCs and EITCs,85094400.0,0.030918879434466362,0.05681828781962395,0.003340296709657787,-0.0
3411,34,NJ,CTCs,27901952.0,0.007957766763865948,0.01247359998524189,0.001659280186899343,-0.0
3411,34,NJ,EITCs,50067456.0,0.019934356212615967,0.03414332494139671,0.0028635909172643552,-0.0
3411,34,NJ,CTCs and EITCs,77969408.0,0.030036870390176773,0.04932070150971413,0.004530948295299613,-0.0
3407,34,NJ,CTCs,29526016.0,0.015013843774795532,0.032838452607393265,0.0009737119823311323,-0.0
3407,34,NJ,EITCs,49674240.0,0.02946740947663784,0.05717243626713753,0.0016329341118053158,-0.0
3407,34,NJ,CTCs and EITCs,79198208.0,0.03416590392589569,0.06478291004896164,0.0026468239850013526,-0.0
3408,34,NJ,CTCs,27283456.0,0.01535094529390335,0.03302304446697235,0.0008382691226754153,-0.0
3408,34,NJ,EITCs,45543424.0,0.025069186463952065,0.04807658493518829,0.0012747615790613712,-0.0
3408,34,NJ,CTCs and EITCs,72824832.0,0.03365712985396385,0.0642065703868866,0.0021464433716453595,-0.0
3402,34,NJ,CTCs,29218816.0,0.021147821098566055,0.039384547621011734,0.00082541563818084,-0.0
3402,34,NJ,EITCs,53553152.0,0.03439086675643921,0.05818644538521767,0.0012945081399046987,-0.0
3402,34,NJ,CTCs and EITCs,82771968.0,0.052314046770334244,0.08832114189863205,0.0021759696555415054,-0.0
3403,34,NJ,CTCs,27471872.0,0.014555839821696281,0.026814697310328484,0.0007095527176229884,-0.0
3403,34,NJ,EITCs,52165632.0,0.03140125423669815,0.05875379592180252,0.001252703964746171,-0.0
3403,34,NJ,CTCs and EITCs,79637504.0,0.04258031025528908,0.0770597755908966,0.00198944611738584,-0.0
3406,34,NJ,CTCs,26603520.0,0.01226024515926838,0.022764332592487335,0.0009438797204428421,-0.0
3406,34,NJ,EITCs,52221952.0,0.024691849946975708,0.04163838177919388,0.0019066225349985912,-0.0
3406,34,NJ,CTCs and EITCs,78825472.0,0.03121187351644039,0.05316399782896042,0.0028871065926030907,-0.0
3405,34,NJ,CTCs,27772416.0,0.011156389489769936,0.021908150985836983,0.0006742581955474521,-0.0
3405,34,NJ,EITCs,51795968.0,0.01840667985379696,0.035566698759794235,0.0012766802615349021,-0.0
3405,34,NJ,CTCs and EITCs,79566336.0,0.026590391993522644,0.0514170378446579,0.0019704769856034284,-0.0
3410,34,NJ,CTCs,25874432.0,0.02767897956073284,0.05414712801575661,0.0008807174934168312,-0.0
3410,34,NJ,EITCs,50049024.0,0.04562335088849068,0.08376635611057281,0.0016007655654300796,-0.0
3410,34,NJ,CTCs and EITCs,75925504.0,0.06678080558776855,0.12412414699792862,0.002554194085768613,-0.0
3409,34,NJ,CTCs,27979776.0,0.00960375927388668,0.021118033677339554,0.001157575515172428,-0.0
3409,34,NJ,EITCs,51050496.0,0.01754564419388771,0.03172926977276802,0.001981627380961244,-0.0
3409,34,NJ,CTCs and EITCs,79032320.0,0.037602704018354416,0.07470438629388809,0.0031768787083999795,-0.0
3502,35,NM,CTCs,52125696.0,0.035780660808086395,0.08100704103708267,0.0007413873377567822,-0.0
3502,35,NM,EITCs,41501696.0,0.030226310715079308,0.06607560068368912,0.0005713595783143194,-0.0
3502,35,NM,CTCs and EITCs,93627392.0,0.05772489309310913,0.12435520440340042,0.0013659024748186252,-0.0
3503,35,NM,CTCs,51963904.0,0.017348524183034897,0.03522375226020813,0.0008520293474237788,-0.0
3503,35,NM,EITCs,41787392.0,0.022342143580317497,0.04187561199069023,0.0006120930709913841,-0.0
3503,35,NM,CTCs and EITCs,93757440.0,0.04227025806903839,0.07288438826799393,0.0015038885271827726,-0.0
3501,35,NM,CTCs,55078912.0,0.02270563505589962,0.04829057678580284,0.0011218938772441416,-0.0
3501,35,NM,EITCs,40683520.0,0.022606272250413895,0.04168396443128586,0.0007917685916088331,-0.0
3501,35,NM,CTCs and EITCs,95762432.0,0.049493830651044846,0.097548708319664,0.0019834869341252325,-0.0
3618,36,NY,CTCs,32358400.0,0.0074297040700912476,0.01618540659546852,0.0005437223151047858,-0.0
3618,36,NY,EITCs,35377152.0,0.01768655888736248,0.03102603554725647,0.0009652088462040162,-0.0
3618,36,NY,CTCs and EITCs,67739648.0,0.030118398368358612,0.055391620844602585,0.0015404620014329957,-0.0
3619,36,NY,CTCs,33138688.0,0.005117981228977442,0.012576107867062092,0.00032842440228569267,-0.0
3619,36,NY,EITCs,31318016.0,0.021314024925231934,0.04270118474960327,0.0005660493091712833,-0.0
3619,36,NY,CTCs and EITCs,64458752.0,0.025539260357618332,0.052492715418338776,0.0009175435185747412,-0.0
3616,36,NY,CTCs,32628736.0,0.009545449167490005,0.0173816941678524,0.0006157486873828914,-0.0
3616,36,NY,EITCs,31752192.0,0.013686968013644218,0.025400055572390556,0.0009897723632210263,-0.0
3616,36,NY,CTCs and EITCs,64384000.0,0.02518172189593315,0.045653488487005234,0.001632548881404892,-0.0
3602,36,NY,CTCs,33223680.0,0.009901294484734535,0.02025514841079712,0.0007801547531532144,-0.0
3602,36,NY,EITCs,31021056.0,0.013184063136577606,0.024179732427001,0.0011972812932811532,-0.0
3602,36,NY,CTCs and EITCs,64244736.0,0.019818728789687157,0.037042126059532166,0.001999406597889215,-0.0
3607,36,NY,CTCs,33070080.0,0.00892033614218235,0.01739530824124813,0.0008052769636546676,-0.0
3607,36,NY,EITCs,31141888.0,0.00852920114994049,0.017686685547232628,0.001224561817399234,-0.0
3607,36,NY,CTCs and EITCs,64209920.0,0.022357499226927757,0.043154917657375336,0.0020573999664325235,-0.0
3605,36,NY,CTCs,31930368.0,0.012604843825101852,0.025125769898295403,0.0006474932092764338,-0.0
3605,36,NY,EITCs,31265792.0,0.01727519929409027,0.02976255677640438,0.0009666178513603573,-0.0
3605,36,NY,CTCs and EITCs,63195136.0,0.030932432040572166,0.05856756865978241,0.0016403067342928223,-0.0
3623,36,NY,CTCs,33334272.0,0.010228387080132961,0.022075215354561806,0.0002748864611429725,-0.0
3623,36,NY,EITCs,30851072.0,0.009695191867649555,0.024093860760331154,0.00047329730742238634,-0.0
3623,36,NY,CTCs and EITCs,64186368.0,0.021371476352214813,0.048184581100940704,0.000759443817328636,-0.0
3611,36,NY,CTCs,33914880.0,0.011455473490059376,0.02098466083407402,0.000628054905125035,-0.0
3611,36,NY,EITCs,33907712.0,0.014769598841667175,0.02169063128530979,0.0009461456228851089,-0.0
3611,36,NY,CTCs and EITCs,67823616.0,0.02756439708173275,0.04719635471701622,0.001592957142194349,-0.0
3620,36,NY,CTCs,32115712.0,0.014701783657073975,0.032420169562101364,0.000313942973737809,-0.0
3620,36,NY,EITCs,30407680.0,0.022509731352329254,0.052320174872875214,0.0005161829491025059,-0.0
3620,36,NY,CTCs and EITCs,62521344.0,0.03917599841952324,0.08448156714439392,0.0008544453100726194,-0.0
3626,36,NY,CTCs,32673792.0,0.012632961384952068,0.036604251712560654,0.0003059698421997017,-0.0
3626,36,NY,EITCs,34086912.0,0.01358235813677311,0.01445909682661295,0.000533815027744432,-0.0
3626,36,NY,CTCs and EITCs,66758656.0,0.029779771342873573,0.0578354112803936,0.0008481547420040864,-0.0
3617,36,NY,CTCs,32064512.0,0.011812250129878521,0.025314081460237503,0.0005627191146088923,-0.0
3617,36,NY,EITCs,31476736.0,0.017582416534423828,0.03501839190721512,0.0008982051844196728,-0.0
3617,36,NY,CTCs and EITCs,63542272.0,0.021877175197005272,0.04549790173768997,0.0014843047258255764,-0.0
3609,36,NY,CTCs,32241664.0,0.012652612291276455,0.020894881337881088,0.0012269978750440599,-0.0
3609,36,NY,EITCs,31608832.0,0.010760130360722542,0.0152335986495018,0.001881665989730101,-0.0
3609,36,NY,CTCs and EITCs,63852544.0,0.03242162987589836,0.05242374539375305,0.0031579495137585966,-0.0
3625,36,NY,CTCs,32291840.0,0.009245289489626884,0.02069449983537197,0.00027036507533355846,-0.0
3625,36,NY,EITCs,33033216.0,0.016901731491088867,0.037837136536836624,0.00047411255424657724,-0.0
3625,36,NY,CTCs and EITCs,65324032.0,0.03562646359205246,0.07391782850027084,0.0007635268198234899,-0.0
3615,36,NY,CTCs,33767424.0,0.023747894912958145,0.04099293053150177,0.00046516011740864276,-0.0
3615,36,NY,EITCs,33120256.0,0.033272746950387955,0.05687857046723366,0.0007555066827633412,-0.0
3615,36,NY,CTCs and EITCs,66863104.0,0.06061796844005585,0.10847428441047668,0.0012738960951188725,-0.0
3622,36,NY,CTCs,31467520.0,0.006380866747349501,0.010836615227162838,0.0003209034822949901,-0.0
3622,36,NY,EITCs,30638080.0,0.03251022845506668,0.05291728302836418,0.0005154497297483072,-0.0
3622,36,NY,CTCs and EITCs,62107648.0,0.032553646713495255,0.05301366001367569,0.0008678919332902616,-0.0
3603,36,NY,CTCs,32561152.0,0.01578974910080433,0.027017461135983467,0.0008966715631966059,-0.0
3603,36,NY,EITCs,34856960.0,0.008777022361755371,0.014404062181711197,0.0013775737651864092,-0.0
3603,36,NY,CTCs and EITCs,67419136.0,0.025082992389798164,0.045276135206222534,0.0022912257492789883,-0.0
3613,36,NY,CTCs,30113792.0,0.011334317736327648,0.022818712517619133,0.0004832212013454336,-0.0
3613,36,NY,EITCs,29605888.0,0.02147071063518524,0.037583548575639725,0.0007999593051634282,-0.0
3613,36,NY,CTCs and EITCs,59711488.0,0.039797380566596985,0.07791125029325485,0.0013161021557317651,-0.0
3612,36,NY,CTCs,33243136.0,0.002055251505225897,0.003382873721420765,0.0010171990350253777,-0.0
3612,36,NY,EITCs,32104448.0,2.4417051918135257e-06,3.893041593983071e-06,0.001261582528364947,-0.0
3612,36,NY,CTCs and EITCs,65347584.0,0.002861065324395895,0.005356323439627886,0.002276557304660045,-0.0
3606,36,NY,CTCs,33456128.0,0.017473163083195686,0.033624615520238876,0.0007044268595332474,-0.0
3606,36,NY,EITCs,31873024.0,0.018991457298398018,0.03390523046255112,0.0010366475138096293,-0.0
3606,36,NY,CTCs and EITCs,65328128.0,0.03527384623885155,0.06578166782855988,0.0017721357509512896,-0.0
3614,36,NY,CTCs,31768576.0,0.01217921357601881,0.02440059930086136,0.0006830830477463289,-0.0
3614,36,NY,EITCs,31522816.0,0.021684493869543076,0.032706134021282196,0.0010633083944367118,-0.0
3614,36,NY,CTCs and EITCs,63291392.0,0.031851038336753845,0.050906985998153687,0.0017776732886177885,-0.0
3608,36,NY,CTCs,32747520.0,0.025079861283302307,0.052287064492702484,0.000630381544939986,-0.0
3608,36,NY,EITCs,31092736.0,0.02171855792403221,0.045221470296382904,0.000948326239387993,-0.0
3608,36,NY,CTCs and EITCs,63838208.0,0.05393943563103676,0.10812132060527802,0.0016359105796873484,-0.0
3621,36,NY,CTCs,32286720.0,0.01141759380698204,0.02568702958524227,0.00027515142634146046,-0.0
3621,36,NY,EITCs,32122880.0,0.025717997923493385,0.0451827310025692,0.0004876948417732862,-0.0
3621,36,NY,CTCs and EITCs,64409600.0,0.03851994499564171,0.07063401490449905,0.0007842546985966163,-0.0
3624,36,NY,CTCs,32603136.0,0.021019620820879936,0.044856104999780655,0.0003055175141129609,-0.0
3624,36,NY,EITCs,33516544.0,0.019922062754631042,0.0475270040333271,0.0005744574549446787,-0.0
3624,36,NY,CTCs and EITCs,66116608.0,0.036243878304958344,0.07418516278266907,0.0009054716814748254,-0.0
3604,36,NY,CTCs,33579008.0,0.015451611950993538,0.03060799464583397,0.0007994076515064246,-0.0
3604,36,NY,EITCs,32563200.0,0.01362259965389967,0.023122018203139305,0.0012262161056360746,-0.0
3604,36,NY,CTCs and EITCs,66142208.0,0.02781948260962963,0.05222324654459953,0.0020524200735675875,-0.0
3610,36,NY,CTCs,33867776.0,0.01531806867569685,0.030622156336903572,0.0007489793362939293,-0.0
3610,36,NY,EITCs,31894528.0,0.0173261146992445,0.03181113302707672,0.0010932990627525274,-0.0
3610,36,NY,CTCs and EITCs,65763328.0,0.02684747241437435,0.049405597150325775,0.0018664908277106775,-0.0
3601,36,NY,CTCs,31322112.0,0.008133468218147755,0.014797491952776909,0.0008659084514289887,-0.0
3601,36,NY,EITCs,29370368.0,0.005378744564950466,0.009123321622610092,0.0012660677638451903,-0.0
3601,36,NY,CTCs and EITCs,60690432.0,0.016972020268440247,0.03122556582093239,0.0021437115079766754,-0.0
3714,37,NC,CTCs,0.0,-0.0,-0.0,-0.0,-0.0
3714,37,NC,EITCs,0.0,-0.0,-0.0,-0.0,-0.0
3714,37,NC,CTCs and EITCs,0.0,-0.0,-0.0,-0.0,-0.0
3709,37,NC,CTCs,0.0,-0.0,-0.0,-0.0,-0.0
3709,37,NC,EITCs,0.0,-0.0,-0.0,-0.0,-0.0
3709,37,NC,CTCs and EITCs,0.0,-0.0,-0.0,-0.0,-0.0
3706,37,NC,CTCs,0.0,-0.0,-0.0,-0.0,-0.0
3706,37,NC,EITCs,0.0,-0.0,-0.0,-0.0,-0.0
3706,37,NC,CTCs and EITCs,0.0,-0.0,-0.0,-0.0,-0.0
3705,37,NC,CTCs,0.0,-0.0,-0.0,-0.0,-0.0
3705,37,NC,EITCs,0.0,-0.0,-0.0,-0.0,-0.0
3705,37,NC,CTCs and EITCs,0.0,-0.0,-0.0,-0.0,-0.0
3704,37,NC,CTCs,0.0,-0.0,-0.0,-0.0,-0.0
3704,37,NC,EITCs,0.0,-0.0,-0.0,-0.0,-0.0
3704,37,NC,CTCs and EITCs,0.0,-0.0,-0.0,-0.0,-0.0
3713,37,NC,CTCs,0.0,-0.0,-0.0,-0.0,-0.0
3713,37,NC,EITCs,0.0,-0.0,-0.0,-0.0,-0.0
3713,37,NC,CTCs and EITCs,0.0,-0.0,-0.0,-0.0,-0.0
3703,37,NC,CTCs,0.0,-0.0,-0.0,-0.0,-0.0
3703,37,NC,EITCs,0.0,-0.0,-0.0,-0.0,-0.0
3703,37,NC,CTCs and EITCs,0.0,-0.0,-0.0,-0.0,-0.0
3707,37,NC,CTCs,0.0,-0.0,-0.0,-0.0,-0.0
3707,37,NC,EITCs,0.0,-0.0,-0.0,-0.0,-0.0
3707,37,NC,CTCs and EITCs,0.0,-0.0,-0.0,-0.0,-0.0
3701,37,NC,CTCs,0.0,-0.0,-0.0,-0.0,-0.0
3701,37,NC,EITCs,0.0,-0.0,-0.0,-0.0,-0.0
3701,37,NC,CTCs and EITCs,0.0,-0.0,-0.0,-0.0,-0.0
3712,37,NC,CTCs,0.0,-0.0,-0.0,-0.0,-0.0
3712,37,NC,EITCs,0.0,-0.0,-0.0,-0.0,-0.0
3712,37,NC,CTCs and EITCs,0.0,-0.0,-0.0,-0.0,-0.0
3708,37,NC,CTCs,0.0,-0.0,-0.0,-0.0,-0.0
3708,37,NC,EITCs,0.0,-0.0,-0.0,-0.0,-0.0
3708,37,NC,CTCs and EITCs,0.0,-0.0,-0.0,-0.0,-0.0
3710,37,NC,CTCs,0.0,-0.0,-0.0,-0.0,-0.0
3710,37,NC,EITCs,0.0,-0.0,-0.0,-0.0,-0.0
3710,37,NC,CTCs and EITCs,0.0,-0.0,-0.0,-0.0,-0.0
3711,37,NC,CTCs,0.0,-0.0,-0.0,-0.0,-0.0
3711,37,NC,EITCs,0.0,-0.0,-0.0,-0.0,-0.0
3711,37,NC,CTCs and EITCs,0.0,-0.0,-0.0,-0.0,-0.0
3702,37,NC,CTCs,0.0,-0.0,-0.0,-0.0,-0.0
3702,37,NC,EITCs,0.0,-0.0,-0.0,-0.0,-0.0
3702,37,NC,CTCs and EITCs,0.0,-0.0,-0.0,-0.0,-0.0
3801,38,ND,CTCs,0.0,-0.0,-0.0,-0.0,-0.0
3801,38,ND,EITCs,0.0,-0.0,-0.0,-0.0,-0.0
3801,38,ND,CTCs and EITCs,0.0,-0.0,-0.0,-0.0,-0.0
3906,39,OH,CTCs,0.0,-0.0,-0.0,-0.0,-0.0
3906,39,OH,EITCs,2695168.0,-0.0,-0.0,9.941954370142271e-06,-0.0
3906,39,OH,CTCs and EITCs,2695168.0,-0.0,-0.0,9.941954370142271e-06,-0.0
3907,39,OH,CTCs,0.0,-0.0,-0.0,-0.0,-0.0
3907,39,OH,EITCs,3093504.0,-0.0,-0.0,9.528819951721205e-06,-0.0
3907,39,OH,CTCs and EITCs,3093504.0,-0.0,-0.0,9.528819951721205e-06,-0.0
3914,39,OH,CTCs,0.0,-0.0,-0.0,-0.0,-0.0
3914,39,OH,EITCs,2388992.0,-0.0,-0.0,1.1598895204035237e-06,-0.0
3914,39,OH,CTCs and EITCs,2388992.0,-0.0,-0.0,1.1598895204035237e-06,-0.0
3904,39,OH,CTCs,0.0,-0.0,-0.0,-0.0,-0.0
3904,39,OH,EITCs,2527232.0,-0.0,-0.0,1.0506121481171206e-05,-0.0
3904,39,OH,CTCs and EITCs,2527232.0,-0.0,-0.0,1.0506121481171206e-05,-0.0
3911,39,OH,CTCs,0.0,-0.0,-0.0,-0.0,-0.0
3911,39,OH,EITCs,2408448.0,-0.0,-0.0,9.891999685630684e-06,-0.0
3911,39,OH,CTCs and EITCs,2408448.0,-0.0,-0.0,9.891999685630684e-06,-0.0
3901,39,OH,CTCs,0.0,-0.0,-0.0,-0.0,-0.0
3901,39,OH,EITCs,2607104.0,-0.0,-0.0,5.121760061110907e-06,-0.0
3901,39,OH,CTCs and EITCs,2607104.0,-0.0,-0.0,5.121760061110907e-06,-0.0
3909,39,OH,CTCs,0.0,-0.0,-0.0,-0.0,-0.0
3909,39,OH,EITCs,2486272.0,-0.0,-0.0,2.3165396019082808e-06,-0.0
3909,39,OH,CTCs and EITCs,2486272.0,-0.0,-0.0,2.3165396019082808e-06,-0.0
3908,39,OH,CTCs,0.0,-0.0,-0.0,-0.0,-0.0
3908,39,OH,EITCs,2549760.0,-0.0,-0.0,6.664034631044085e-06,-0.0
3908,39,OH,CTCs and EITCs,2549760.0,-0.0,-0.0,6.664034631044085e-06,-0.0
3912,39,OH,CTCs,0.0,-0.0,-0.0,-0.0,-0.0
3912,39,OH,EITCs,2689024.0,-0.0,-0.0,5.31732703216451e-06,-0.0
3912,39,OH,CTCs and EITCs,2689024.0,-0.0,-0.0,5.31732703216451e-06,-0.0
3915,39,OH,CTCs,0.0,-0.0,-0.0,-0.0,-0.0
3915,39,OH,EITCs,2762752.0,0.006493346765637398,0.003818744793534279,1.4065437644050303e-05,-0.0
3915,39,OH,CTCs and EITCs,2762752.0,0.006493346765637398,0.003818744793534279,1.4065437644050303e-05,-0.0
3902,39,OH,CTCs,0.0,-0.0,-0.0,-0.0,-0.0
3902,39,OH,EITCs,2172928.0,-0.0,-0.0,3.257153993884958e-06,-0.0
3902,39,OH,CTCs and EITCs,2172928.0,-0.0,-0.0,3.257153993884958e-06,-0.0
3910,39,OH,CTCs,0.0,-0.0,-0.0,-0.0,-0.0
3910,39,OH,EITCs,2469888.0,-0.0,-0.0,1.711820222787988e-06,-0.0
3910,39,OH,CTCs and EITCs,2469888.0,-0.0,-0.0,1.711820222787988e-06,-0.0
3903,39,OH,CTCs,0.0,-0.0,-0.0,-0.0,-0.0
3903,39,OH,EITCs,2490368.0,0.00029360546614043415,0.0007271041977219284,1.0907980425256122e-05,-0.0
3903,39,OH,CTCs and EITCs,2490368.0,0.00029360546614043415,0.0007271041977219284,1.0907980425256122e-05,-0.0
3905,39,OH,CTCs,0.0,-0.0,-0.0,-0.0,-0.0
3905,39,OH,EITCs,2803712.0,-0.0,-0.0,5.8338829474639295e-06,-0.0
3905,39,OH,CTCs and EITCs,2803712.0,-0.0,-0.0,5.8338829474639295e-06,-0.0
3913,39,OH,CTCs,0.0,-0.0,-0.0,-0.0,-0.0
3913,39,OH,EITCs,2498560.0,-0.0,-0.0,4.658561949621344e-06,-0.0
3913,39,OH,CTCs and EITCs,2498560.0,-0.0,-0.0,4.658561949621344e-06,-0.0
4001,40,OK,CTCs,6737920.0,0.0005597982672043145,0.0007078427006490529,3.909143416368675e-05,-0.0
4001,40,OK,EITCs,4868096.0,-0.0,-0.0,0.00011740606960392029,-0.0
4001,40,OK,CTCs and EITCs,11604992.0,0.0005597982672043145,0.0007078427006490529,0.0001564886390059988,-0.0
4003,40,OK,CTCs,6606848.0,-0.0,-0.0,2.8338265203546483e-05,-0.0
4003,40,OK,EITCs,5158912.0,0.0012311002938076854,0.0031367740593850613,0.00010425696966722977,-0.0
4003,40,OK,CTCs and EITCs,11767808.0,0.0012311002938076854,0.0031367740593850613,0.0001326346702077544,-0.0
4005,40,OK,CTCs,6969344.0,-0.0,-0.0,2.7427338979145823e-05,-0.0
4005,40,OK,EITCs,4858880.0,-0.0,-0.0,9.109121316399794e-05,-0.0
4005,40,OK,CTCs and EITCs,11828224.0,-0.0,-0.0,0.0001185135250566822,-0.0
4002,40,OK,CTCs,6633472.0,0.004986084531992674,0.0052776942029595375,1.9686577549863573e-05,-0.0
4002,40,OK,EITCs,5025792.0,0.009589499793946743,0.01415687520056963,6.750698278593006e-05,-0.0
4002,40,OK,CTCs and EITCs,11657216.0,0.011793198995292187,0.01761990785598755,8.84878139220527e-05,-0.0
4004,40,OK,CTCs,6616064.0,0.008293391205370426,0.01367685105651617,2.6500019696207844e-05,-0.0
4004,40,OK,EITCs,4855808.0,0.012480992823839188,0.007834206335246563,8.764322352762934e-05,-0.0
4004,40,OK,CTCs and EITCs,11471872.0,0.017815859988331795,0.015835672616958618,0.00011502131362404936,-0.0
4106,41,OR,CTCs,17271296.0,0.004362109117209911,0.008573495782911777,0.000546367799080375,-0.0
4106,41,OR,EITCs,11207168.0,0.016787447035312653,0.032775040715932846,0.0002572030926226801,-0.0
4106,41,OR,CTCs and EITCs,28476928.0,0.02165895514190197,0.04334447160363197,0.0008048691535428276,-0.0
4102,41,OR,CTCs,18960384.0,0.016205018386244774,0.025612855330109596,0.0007818428274493014,-0.0
4102,41,OR,EITCs,10770432.0,0.004062589257955551,0.007122665643692017,0.0002516046865877713,-0.0
4102,41,OR,CTCs and EITCs,29732864.0,0.02213563397526741,0.03714391961693764,0.0010464347394021011,-0.0
4105,41,OR,CTCs,16660480.0,0.010243448428809643,0.018610402941703796,0.0005848392848171524,-0.0
4105,41,OR,EITCs,10714112.0,0.012488408014178276,0.022005299106240273,0.0002771255817674062,-0.0
4105,41,OR,CTCs and EITCs,27376640.0,0.019568346440792084,0.03655127435922623,0.0008651768157111174,-0.0
4101,41,OR,CTCs,17990144.0,0.004276222083717585,0.00969709362834692,0.0004866871154898896,-0.0
4101,41,OR,EITCs,10702848.0,0.006133954506367445,0.011987137608230114,0.00023517757594787394,-0.0
4101,41,OR,CTCs and EITCs,28691456.0,0.012325438670814037,0.02512400411069393,0.0007233297354502451,-0.0
4104,41,OR,CTCs,16441344.0,0.005880232900381088,0.013404272496700287,0.0009177002683385717,-0.0
4104,41,OR,EITCs,10829824.0,0.005746246315538883,0.009271137416362762,0.00033783765188139653,-0.0
4104,41,OR,CTCs and EITCs,27269120.0,0.01771712116897106,0.03427344560623169,0.0012614230359584272,-0.0
4103,41,OR,CTCs,17812480.0,0.005821889266371727,0.012690439820289612,0.0005450235566890429,-0.0
4103,41,OR,EITCs,10551808.0,0.004688734654337168,0.009662685915827751,0.00023997958180310445,-0.0
4103,41,OR,CTCs and EITCs,28364288.0,0.010143144987523556,0.022208109498023987,0.0007889283020369374,-0.0
4213,42,PA,CTCs,0.0,-0.0,-0.0,-0.0,-0.0
4213,42,PA,EITCs,0.0,-0.0,-0.0,-0.0,-0.0
4213,42,PA,CTCs and EITCs,0.0,-0.0,-0.0,-0.0,-0.0
4206,42,PA,CTCs,0.0,-0.0,-0.0,-0.0,-0.0
4206,42,PA,EITCs,0.0,-0.0,-0.0,-0.0,-0.0
4206,42,PA,CTCs and EITCs,0.0,-0.0,-0.0,-0.0,-0.0
4215,42,PA,CTCs,0.0,-0.0,-0.0,-0.0,-0.0
4215,42,PA,EITCs,0.0,-0.0,-0.0,-0.0,-0.0
4215,42,PA,CTCs and EITCs,0.0,-0.0,-0.0,-0.0,-0.0
4209,42,PA,CTCs,0.0,-0.0,-0.0,-0.0,-0.0
4209,42,PA,EITCs,0.0,-0.0,-0.0,-0.0,-0.0
4209,42,PA,CTCs and EITCs,0.0,-0.0,-0.0,-0.0,-0.0
4217,42,PA,CTCs,0.0,-0.0,-0.0,-0.0,-0.0
4217,42,PA,EITCs,0.0,-0.0,-0.0,-0.0,-0.0
4217,42,PA,CTCs and EITCs,0.0,-0.0,-0.0,-0.0,-0.0
4211,42,PA,CTCs,0.0,-0.0,-0.0,-0.0,-0.0
4211,42,PA,EITCs,0.0,-0.0,-0.0,-0.0,-0.0
4211,42,PA,CTCs and EITCs,0.0,-0.0,-0.0,-0.0,-0.0
4202,42,PA,CTCs,0.0,-0.0,-0.0,-0.0,-0.0
4202,42,PA,EITCs,0.0,-0.0,-0.0,-0.0,-0.0
4202,42,PA,CTCs and EITCs,0.0,-0.0,-0.0,-0.0,-0.0
4212,42,PA,CTCs,0.0,-0.0,-0.0,-0.0,-0.0
4212,42,PA,EITCs,0.0,-0.0,-0.0,-0.0,-0.0
4212,42,PA,CTCs and EITCs,0.0,-0.0,-0.0,-0.0,-0.0
4201,42,PA,CTCs,0.0,-0.0,-0.0,-0.0,-0.0
4201,42,PA,EITCs,0.0,-0.0,-0.0,-0.0,-0.0
4201,42,PA,CTCs and EITCs,0.0,-0.0,-0.0,-0.0,-0.0
4208,42,PA,CTCs,0.0,-0.0,-0.0,-0.0,-0.0
4208,42,PA,EITCs,0.0,-0.0,-0.0,-0.0,-0.0
4208,42,PA,CTCs and EITCs,0.0,-0.0,-0.0,-0.0,-0.0
4216,42,PA,CTCs,0.0,-0.0,-0.0,-0.0,-0.0
4216,42,PA,EITCs,0.0,-0.0,-0.0,-0.0,-0.0
4216,42,PA,CTCs and EITCs,0.0,-0.0,-0.0,-0.0,-0.0
4214,42,PA,CTCs,0.0,-0.0,-0.0,-0.0,-0.0
4214,42,PA,EITCs,0.0,-0.0,-0.0,-0.0,-0.0
4214,42,PA,CTCs and EITCs,0.0,-0.0,-0.0,-0.0,-0.0
4203,42,PA,CTCs,0.0,-0.0,-0.0,-0.0,-0.0
4203,42,PA,EITCs,0.0,-0.0,-0.0,-0.0,-0.0
4203,42,PA,CTCs and EITCs,0.0,-0.0,-0.0,-0.0,-0.0
4207,42,PA,CTCs,0.0,-0.0,-0.0,-0.0,-0.0
4207,42,PA,EITCs,0.0,-0.0,-0.0,-0.0,-0.0
4207,42,PA,CTCs and EITCs,0.0,-0.0,-0.0,-0.0,-0.0
4205,42,PA,CTCs,0.0,-0.0,-0.0,-0.0,-0.0
4205,42,PA,EITCs,0.0,-0.0,-0.0,-0.0,-0.0
4205,42,PA,CTCs and EITCs,0.0,-0.0,-0.0,-0.0,-0.0
4204,42,PA,CTCs,0.0,-0.0,-0.0,-0.0,-0.0
4204,42,PA,EITCs,0.0,-0.0,-0.0,-0.0,-0.0
4204,42,PA,CTCs and EITCs,0.0,-0.0,-0.0,-0.0,-0.0
4210,42,PA,CTCs,0.0,-0.0,-0.0,-0.0,-0.0
4210,42,PA,EITCs,0.0,-0.0,-0.0,-0.0,-0.0
4210,42,PA,CTCs and EITCs,0.0,-0.0,-0.0,-0.0,-0.0
4402,44,RI,CTCs,0.0,-0.0,-0.0,-0.0,-0.0
4402,44,RI,EITCs,17695744.0,0.015336466021835804,0.019318969920277596,0.00033331137413482515,-0.0
4402,44,RI,CTCs and EITCs,17695744.0,0.015336466021835804,0.019318969920277596,0.00033331137413482515,-0.0
4401,44,RI,CTCs,0.0,-0.0,-0.0,-0.0,-0.0
4401,44,RI,EITCs,17022976.0,0.017494922503829002,0.02451607584953308,0.00047154608751113277,-0.0
4401,44,RI,CTCs and EITCs,17022976.0,0.017494922503829002,0.02451607584953308,0.00047154608751113277,-0.0
4507,45,SC,CTCs,0.0,-0.0,-0.0,-0.0,-0.0
4507,45,SC,EITCs,940032.0,-0.0,-0.0,9.660112441524575e-07,-0.0
4507,45,SC,CTCs and EITCs,940032.0,-0.0,-0.0,9.660112441524575e-07,-0.0
4506,45,SC,CTCs,0.0,-0.0,-0.0,-0.0,-0.0
4506,45,SC,EITCs,874496.0,-0.0,-0.0,9.227167828758088e-07,-0.0
4506,45,SC,CTCs and EITCs,874496.0,-0.0,-0.0,9.227167828758088e-07,-0.0
4503,45,SC,CTCs,0.0,-0.0,-0.0,-0.0,-0.0
4503,45,SC,EITCs,793600.0,-0.0,-0.0,1.0999587803306866e-06,-0.0
4503,45,SC,CTCs and EITCs,793600.0,-0.0,-0.0,1.0999587803306866e-06,-0.0
4505,45,SC,CTCs,0.0,-0.0,-0.0,-0.0,-0.0
4505,45,SC,EITCs,897024.0,-0.0,-0.0,1.1523100829017806e-06,-0.0
4505,45,SC,CTCs and EITCs,897024.0,-0.0,-0.0,1.1523100829017806e-06,-0.0
4502,45,SC,CTCs,0.0,-0.0,-0.0,-0.0,-0.0
4502,45,SC,EITCs,1077248.0,-0.0,-0.0,1.1867597258956837e-06,-0.0
4502,45,SC,CTCs and EITCs,1077248.0,-0.0,-0.0,1.1867597258956837e-06,-0.0
4504,45,SC,CTCs,0.0,-0.0,-0.0,-0.0,-0.0
4504,45,SC,EITCs,858112.0,-0.0,-0.0,2.459606901307209e-06,-0.0
4504,45,SC,CTCs and EITCs,858112.0,-0.0,-0.0,2.459606901307209e-06,-0.0
4501,45,SC,CTCs,0.0,-0.0,-0.0,-0.0,-0.0
4501,45,SC,EITCs,856064.0,0.0021100114099681377,0.0030189668759703636,2.665255481400218e-06,-0.0
4501,45,SC,CTCs and EITCs,856064.0,0.0021100114099681377,0.0030189668759703636,2.665255481400218e-06,-0.0
4601,46,SD,CTCs,0.0,-0.0,-0.0,-0.0,-0.0
4601,46,SD,EITCs,0.0,-0.0,-0.0,-0.0,-0.0
4601,46,SD,CTCs and EITCs,0.0,-0.0,-0.0,-0.0,-0.0
4701,47,TN,CTCs,0.0,-0.0,-0.0,-0.0,-0.0
4701,47,TN,EITCs,0.0,-0.0,-0.0,-0.0,-0.0
4701,47,TN,CTCs and EITCs,0.0,-0.0,-0.0,-0.0,-0.0
4705,47,TN,CTCs,0.0,-0.0,-0.0,-0.0,-0.0
4705,47,TN,EITCs,0.0,-0.0,-0.0,-0.0,-0.0
4705,47,TN,CTCs and EITCs,0.0,-0.0,-0.0,-0.0,-0.0
4709,47,TN,CTCs,0.0,-0.0,-0.0,-0.0,-0.0
4709,47,TN,EITCs,0.0,-0.0,-0.0,-0.0,-0.0
4709,47,TN,CTCs and EITCs,0.0,-0.0,-0.0,-0.0,-0.0
4704,47,TN,CTCs,0.0,-0.0,-0.0,-0.0,-0.0
4704,47,TN,EITCs,0.0,-0.0,-0.0,-0.0,-0.0
4704,47,TN,CTCs and EITCs,0.0,-0.0,-0.0,-0.0,-0.0
4703,47,TN,CTCs,0.0,-0.0,-0.0,-0.0,-0.0
4703,47,TN,EITCs,0.0,-0.0,-0.0,-0.0,-0.0
4703,47,TN,CTCs and EITCs,0.0,-0.0,-0.0,-0.0,-0.0
4707,47,TN,CTCs,0.0,-0.0,-0.0,-0.0,-0.0
4707,47,TN,EITCs,0.0,-0.0,-0.0,-0.0,-0.0
4707,47,TN,CTCs and EITCs,0.0,-0.0,-0.0,-0.0,-0.0
4706,47,TN,CTCs,0.0,-0.0,-0.0,-0.0,-0.0
4706,47,TN,EITCs,0.0,-0.0,-0.0,-0.0,-0.0
4706,47,TN,CTCs and EITCs,0.0,-0.0,-0.0,-0.0,-0.0
4702,47,TN,CTCs,0.0,-0.0,-0.0,-0.0,-0.0
4702,47,TN,EITCs,0.0,-0.0,-0.0,-0.0,-0.0
4702,47,TN,CTCs and EITCs,0.0,-0.0,-0.0,-0.0,-0.0
4708,47,TN,CTCs,0.0,-0.0,-0.0,-0.0,-0.0
4708,47,TN,EITCs,0.0,-0.0,-0.0,-0.0,-0.0
4708,47,TN,CTCs and EITCs,0.0,-0.0,-0.0,-0.0,-0.0
4803,48,TX,CTCs,0.0,-0.0,-0.0,-0.0,-0.0
4803,48,TX,EITCs,0.0,-0.0,-0.0,-0.0,-0.0
4803,48,TX,CTCs and EITCs,0.0,-0.0,-0.0,-0.0,-0.0
4802,48,TX,CTCs,0.0,-0.0,-0.0,-0.0,-0.0
4802,48,TX,EITCs,0.0,-0.0,-0.0,-0.0,-0.0
4802,48,TX,CTCs and EITCs,0.0,-0.0,-0.0,-0.0,-0.0
4813,48,TX,CTCs,0.0,-0.0,-0.0,-0.0,-0.0
4813,48,TX,EITCs,0.0,-0.0,-0.0,-0.0,-0.0
4813,48,TX,CTCs and EITCs,0.0,-0.0,-0.0,-0.0,-0.0
4830,48,TX,CTCs,0.0,-0.0,-0.0,-0.0,-0.0
4830,48,TX,EITCs,0.0,-0.0,-0.0,-0.0,-0.0
4830,48,TX,CTCs and EITCs,0.0,-0.0,-0.0,-0.0,-0.0
4828,48,TX,CTCs,0.0,-0.0,-0.0,-0.0,-0.0
4828,48,TX,EITCs,0.0,-0.0,-0.0,-0.0,-0.0
4828,48,TX,CTCs and EITCs,0.0,-0.0,-0.0,-0.0,-0.0
4829,48,TX,CTCs,0.0,-0.0,-0.0,-0.0,-0.0
4829,48,TX,EITCs,0.0,-0.0,-0.0,-0.0,-0.0
4829,48,TX,CTCs and EITCs,0.0,-0.0,-0.0,-0.0,-0.0
4818,48,TX,CTCs,0.0,-0.0,-0.0,-0.0,-0.0
4818,48,TX,EITCs,0.0,-0.0,-0.0,-0.0,-0.0
4818,48,TX,CTCs and EITCs,0.0,-0.0,-0.0,-0.0,-0.0
4807,48,TX,CTCs,0.0,-0.0,-0.0,-0.0,-0.0
4807,48,TX,EITCs,0.0,-0.0,-0.0,-0.0,-0.0
4807,48,TX,CTCs and EITCs,0.0,-0.0,-0.0,-0.0,-0.0
4815,48,TX,CTCs,0.0,-0.0,-0.0,-0.0,-0.0
4815,48,TX,EITCs,0.0,-0.0,-0.0,-0.0,-0.0
4815,48,TX,CTCs and EITCs,0.0,-0.0,-0.0,-0.0,-0.0
4823,48,TX,CTCs,0.0,-0.0,-0.0,-0.0,-0.0
4823,48,TX,EITCs,0.0,-0.0,-0.0,-0.0,-0.0
4823,48,TX,CTCs and EITCs,0.0,-0.0,-0.0,-0.0,-0.0
4831,48,TX,CTCs,0.0,-0.0,-0.0,-0.0,-0.0
4831,48,TX,EITCs,0.0,-0.0,-0.0,-0.0,-0.0
4831,48,TX,CTCs and EITCs,0.0,-0.0,-0.0,-0.0,-0.0
4805,48,TX,CTCs,0.0,-0.0,-0.0,-0.0,-0.0
4805,48,TX,EITCs,0.0,-0.0,-0.0,-0.0,-0.0
4805,48,TX,CTCs and EITCs,0.0,-0.0,-0.0,-0.0,-0.0
4811,48,TX,CTCs,0.0,-0.0,-0.0,-0.0,-0.0
4811,48,TX,EITCs,0.0,-0.0,-0.0,-0.0,-0.0
4811,48,TX,CTCs and EITCs,0.0,-0.0,-0.0,-0.0,-0.0
4826,48,TX,CTCs,0.0,-0.0,-0.0,-0.0,-0.0
4826,48,TX,EITCs,0.0,-0.0,-0.0,-0.0,-0.0
4826,48,TX,CTCs and EITCs,0.0,-0.0,-0.0,-0.0,-0.0
4808,48,TX,CTCs,0.0,-0.0,-0.0,-0.0,-0.0
4808,48,TX,EITCs,0.0,-0.0,-0.0,-0.0,-0.0
4808,48,TX,CTCs and EITCs,0.0,-0.0,-0.0,-0.0,-0.0
4810,48,TX,CTCs,0.0,-0.0,-0.0,-0.0,-0.0
4810,48,TX,EITCs,0.0,-0.0,-0.0,-0.0,-0.0
4810,48,TX,CTCs and EITCs,0.0,-0.0,-0.0,-0.0,-0.0
4817,48,TX,CTCs,0.0,-0.0,-0.0,-0.0,-0.0
4817,48,TX,EITCs,0.0,-0.0,-0.0,-0.0,-0.0
4817,48,TX,CTCs and EITCs,0.0,-0.0,-0.0,-0.0,-0.0
4814,48,TX,CTCs,0.0,-0.0,-0.0,-0.0,-0.0
4814,48,TX,EITCs,0.0,-0.0,-0.0,-0.0,-0.0
4814,48,TX,CTCs and EITCs,0.0,-0.0,-0.0,-0.0,-0.0
4812,48,TX,CTCs,0.0,-0.0,-0.0,-0.0,-0.0
4812,48,TX,EITCs,0.0,-0.0,-0.0,-0.0,-0.0
4812,48,TX,CTCs and EITCs,0.0,-0.0,-0.0,-0.0,-0.0
4836,48,TX,CTCs,0.0,-0.0,-0.0,-0.0,-0.0
4836,48,TX,EITCs,0.0,-0.0,-0.0,-0.0,-0.0
4836,48,TX,CTCs and EITCs,0.0,-0.0,-0.0,-0.0,-0.0
4821,48,TX,CTCs,0.0,-0.0,-0.0,-0.0,-0.0
4821,48,TX,EITCs,0.0,-0.0,-0.0,-0.0,-0.0
4821,48,TX,CTCs and EITCs,0.0,-0.0,-0.0,-0.0,-0.0
4806,48,TX,CTCs,0.0,-0.0,-0.0,-0.0,-0.0
4806,48,TX,EITCs,0.0,-0.0,-0.0,-0.0,-0.0
4806,48,TX,CTCs and EITCs,0.0,-0.0,-0.0,-0.0,-0.0
4809,48,TX,CTCs,0.0,-0.0,-0.0,-0.0,-0.0
4809,48,TX,EITCs,0.0,-0.0,-0.0,-0.0,-0.0
4809,48,TX,CTCs and EITCs,0.0,-0.0,-0.0,-0.0,-0.0
4827,48,TX,CTCs,0.0,-0.0,-0.0,-0.0,-0.0
4827,48,TX,EITCs,0.0,-0.0,-0.0,-0.0,-0.0
4827,48,TX,CTCs and EITCs,0.0,-0.0,-0.0,-0.0,-0.0
4835,48,TX,CTCs,0.0,-0.0,-0.0,-0.0,-0.0
4835,48,TX,EITCs,0.0,-0.0,-0.0,-0.0,-0.0
4835,48,TX,CTCs and EITCs,0.0,-0.0,-0.0,-0.0,-0.0
4825,48,TX,CTCs,0.0,-0.0,-0.0,-0.0,-0.0
4825,48,TX,EITCs,0.0,-0.0,-0.0,-0.0,-0.0
4825,48,TX,CTCs and EITCs,0.0,-0.0,-0.0,-0.0,-0.0
4820,48,TX,CTCs,0.0,-0.0,-0.0,-0.0,-0.0
4820,48,TX,EITCs,0.0,-0.0,-0.0,-0.0,-0.0
4820,48,TX,CTCs and EITCs,0.0,-0.0,-0.0,-0.0,-0.0
4801,48,TX,CTCs,0.0,-0.0,-0.0,-0.0,-0.0
4801,48,TX,EITCs,0.0,-0.0,-0.0,-0.0,-0.0
4801,48,TX,CTCs and EITCs,0.0,-0.0,-0.0,-0.0,-0.0
4819,48,TX,CTCs,0.0,-0.0,-0.0,-0.0,-0.0
4819,48,TX,EITCs,0.0,-0.0,-0.0,-0.0,-0.0
4819,48,TX,CTCs and EITCs,0.0,-0.0,-0.0,-0.0,-0.0
4804,48,TX,CTCs,0.0,-0.0,-0.0,-0.0,-0.0
4804,48,TX,EITCs,0.0,-0.0,-0.0,-0.0,-0.0
4804,48,TX,CTCs and EITCs,0.0,-0.0,-0.0,-0.0,-0.0
4822,48,TX,CTCs,0.0,-0.0,-0.0,-0.0,-0.0
4822,48,TX,EITCs,0.0,-0.0,-0.0,-0.0,-0.0
4822,48,TX,CTCs and EITCs,0.0,-0.0,-0.0,-0.0,-0.0
4838,48,TX,CTCs,0.0,-0.0,-0.0,-0.0,-0.0
4838,48,TX,EITCs,0.0,-0.0,-0.0,-0.0,-0.0
4838,48,TX,CTCs and EITCs,0.0,-0.0,-0.0,-0.0,-0.0
4833,48,TX,CTCs,0.0,-0.0,-0.0,-0.0,-0.0
4833,48,TX,EITCs,0.0,-0.0,-0.0,-0.0,-0.0
4833,48,TX,CTCs and EITCs,0.0,-0.0,-0.0,-0.0,-0.0
4834,48,TX,CTCs,0.0,-0.0,-0.0,-0.0,-0.0
4834,48,TX,EITCs,0.0,-0.0,-0.0,-0.0,-0.0
4834,48,TX,CTCs and EITCs,0.0,-0.0,-0.0,-0.0,-0.0
4816,48,TX,CTCs,0.0,-0.0,-0.0,-0.0,-0.0
4816,48,TX,EITCs,0.0,-0.0,-0.0,-0.0,-0.0
4816,48,TX,CTCs and EITCs,0.0,-0.0,-0.0,-0.0,-0.0
4837,48,TX,CTCs,0.0,-0.0,-0.0,-0.0,-0.0
4837,48,TX,EITCs,0.0,-0.0,-0.0,-0.0,-0.0
4837,48,TX,CTCs and EITCs,0.0,-0.0,-0.0,-0.0,-0.0
4824,48,TX,CTCs,0.0,-0.0,-0.0,-0.0,-0.0
4824,48,TX,EITCs,0.0,-0.0,-0.0,-0.0,-0.0
4824,48,TX,CTCs and EITCs,0.0,-0.0,-0.0,-0.0,-0.0
4832,48,TX,CTCs,0.0,-0.0,-0.0,-0.0,-0.0
4832,48,TX,EITCs,0.0,-0.0,-0.0,-0.0,-0.0
4832,48,TX,CTCs and EITCs,0.0,-0.0,-0.0,-0.0,-0.0
4903,49,UT,CTCs,516096.0,-0.0,-0.0,6.702943772788155e-07,-0.0
4903,49,UT,EITCs,1196032.0,-0.0,-0.0,4.253635379084201e-06,-0.0
4903,49,UT,CTCs and EITCs,1991680.0,-0.0,-0.0,5.0613042972561215e-06,-0.0
4901,49,UT,CTCs,540672.0,-0.0,-0.0,6.816886277893058e-07,-0.0
4901,49,UT,EITCs,1187840.0,-0.0,-0.0,4.031484909079941e-06,-0.0
4901,49,UT,CTCs and EITCs,2064384.0,-0.0,-0.0,4.843196671669578e-06,-0.0
4902,49,UT,CTCs,483328.0,-0.0,-0.0,1.0110158395957228e-06,-0.0
4902,49,UT,EITCs,1249280.0,-0.0,-0.0,2.099046330630443e-06,-0.0
4902,49,UT,CTCs and EITCs,1992704.0,-0.0,-0.0,3.1170689275645977e-06,-0.0
4904,49,UT,CTCs,501760.0,-0.0,-0.0,4.5932438749340447e-07,-0.0
4904,49,UT,EITCs,1101824.0,0.0013280471321195364,0.0017694596899673343,7.5960485404100725e-06,-0.0
4904,49,UT,CTCs and EITCs,1759232.0,0.0013280471321195364,0.0017694596899673343,8.364760738329656e-06,-0.0
5001,50,VT,CTCs,44523520.0,0.0135421147570014,0.03256167471408844,0.0006497244325684363,-0.0
5001,50,VT,EITCs,44392448.0,0.04147098958492279,0.07804127782583237,0.0008088769129964131,-0.0
5001,50,VT,CTCs and EITCs,88899584.0,0.06458047777414322,0.1273374706506729,0.0015293316121434408,-0.0
5101,51,VA,CTCs,0.0,-0.0,-0.0,-0.0,-0.0
5101,51,VA,EITCs,17027072.0,0.025484347715973854,0.04094083979725838,0.0006582803801554474,-0.0
5101,51,VA,CTCs and EITCs,17027072.0,0.025484347715973854,0.04094083979725838,0.0006582803801554474,-0.0
5105,51,VA,CTCs,0.0,-0.0,-0.0,-0.0,-0.0
5105,51,VA,EITCs,16445440.0,0.018503006547689438,0.03530983626842499,0.000265543519809258,-0.0
5105,51,VA,CTCs and EITCs,16445440.0,0.018503006547689438,0.03530983626842499,0.000265543519809258,-0.0
5103,51,VA,CTCs,0.0,-0.0,-0.0,-0.0,-0.0
5103,51,VA,EITCs,16956416.0,0.010648020543158054,0.013832490891218185,0.0002511254273988087,-0.0
5103,51,VA,CTCs and EITCs,16956416.0,0.010648020543158054,0.013832490891218185,0.0002511254273988087,-0.0
5111,51,VA,CTCs,0.0,-0.0,-0.0,-0.0,-0.0
5111,51,VA,EITCs,17598464.0,0.003338751383125782,0.007136876694858074,0.0006559434851827699,-0.0
5111,51,VA,CTCs and EITCs,17598464.0,0.003338751383125782,0.007136876694858074,0.0006559434851827699,-0.0
5109,51,VA,CTCs,0.0,-0.0,-0.0,-0.0,-0.0
5109,51,VA,EITCs,18311168.0,0.0020813285373151302,0.0055749062448740005,0.0002537255267152327,-0.0
5109,51,VA,CTCs and EITCs,18311168.0,0.0020813285373151302,0.0055749062448740005,0.0002537255267152327,-0.0
5102,51,VA,CTCs,0.0,-0.0,-0.0,-0.0,-0.0
5102,51,VA,EITCs,17340416.0,0.017264200374484062,0.03379784896969795,0.0004778960176763167,-0.0
5102,51,VA,CTCs and EITCs,17340416.0,0.017264200374484062,0.03379784896969795,0.0004778960176763167,-0.0
5104,51,VA,CTCs,0.0,-0.0,-0.0,-0.0,-0.0
5104,51,VA,EITCs,17895424.0,0.02053069695830345,0.04458476975560188,0.00038890264914790925,-0.0
5104,51,VA,CTCs and EITCs,17895424.0,0.02053069695830345,0.04458476975560188,0.00038890264914790925,-0.0
5106,51,VA,CTCs,0.0,-0.0,-0.0,-0.0,-0.0
5106,51,VA,EITCs,17567744.0,0.012966731563210487,0.02040182054042816,0.00021915886981293368,-0.0
5106,51,VA,CTCs and EITCs,17567744.0,0.012966731563210487,0.02040182054042816,0.00021915886981293368,-0.0
5110,51,VA,CTCs,0.0,-0.0,-0.0,-0.0,-0.0
5110,51,VA,EITCs,16986112.0,0.005229806527495384,0.009019087068736553,0.0005212484282967397,-0.0
5110,51,VA,CTCs and EITCs,16986112.0,0.005229806527495384,0.009019087068736553,0.0005212484282967397,-0.0
5108,51,VA,CTCs,0.0,-0.0,-0.0,-0.0,-0.0
5108,51,VA,EITCs,18693120.0,0.004029314965009689,0.0069976430386304855,0.000656592082261176,-0.0
5108,51,VA,CTCs and EITCs,18693120.0,0.004029314965009689,0.0069976430386304855,0.000656592082261176,-0.0
5107,51,VA,CTCs,0.0,-0.0,-0.0,-0.0,-0.0
5107,51,VA,EITCs,18180096.0,0.017986340448260307,0.03563717007637024,0.0004474792611054535,-0.0
5107,51,VA,CTCs and EITCs,18180096.0,0.017986340448260307,0.03563717007637024,0.0004474792611054535,-0.0
5305,53,WA,CTCs,0.0,-0.0,-0.0,-0.0,-0.0
5305,53,WA,EITCs,29157376.0,0.011338287964463234,0.02358596958220005,0.00040054612824707664,-0.0
5305,53,WA,CTCs and EITCs,29157376.0,0.011338287964463234,0.02358596958220005,0.00040054612824707664,-0.0
5303,53,WA,CTCs,0.0,-0.0,-0.0,-0.0,-0.0
5303,53,WA,EITCs,28110848.0,0.016338331624865532,0.03487097844481468,0.0007259064707003033,-0.0
5303,53,WA,CTCs and EITCs,28110848.0,0.016338331624865532,0.03487097844481468,0.0007259064707003033,-0.0
5301,53,WA,CTCs,0.0,-0.0,-0.0,-0.0,-0.0
5301,53,WA,EITCs,29749248.0,0.016479989513754845,0.023041175678372383,0.0012340479154744146,-0.0
5301,53,WA,CTCs and EITCs,29749248.0,0.016479989513754845,0.023041175678372383,0.0012340479154744146,-0.0
5309,53,WA,CTCs,0.0,-0.0,-0.0,-0.0,-0.0
5309,53,WA,EITCs,28977152.0,0.011161932721734047,0.0196049977093935,0.0009103547728184249,-0.0
5309,53,WA,CTCs and EITCs,28977152.0,0.011161932721734047,0.0196049977093935,0.0009103547728184249,-0.0
5307,53,WA,CTCs,0.0,-0.0,-0.0,-0.0,-0.0
5307,53,WA,EITCs,27768832.0,0.0038851078134030104,0.0055669997818768024,0.0009645560312525763,-0.0
5307,53,WA,CTCs and EITCs,27768832.0,0.0038851078134030104,0.0055669997818768024,0.0009645560312525763,-0.0
5304,53,WA,CTCs,0.0,-0.0,-0.0,-0.0,-0.0
5304,53,WA,EITCs,28122112.0,0.00935527216643095,0.014089795760810375,0.0004939782822564028,-0.0
5304,53,WA,CTCs and EITCs,28122112.0,0.00935527216643095,0.014089795760810375,0.0004939782822564028,-0.0
5308,53,WA,CTCs,0.0,-0.0,-0.0,-0.0,-0.0
5308,53,WA,EITCs,28409856.0,0.013000696897506714,0.018667038530111313,0.000991982544014147,-0.0
5308,53,WA,CTCs and EITCs,28409856.0,0.013000696897506714,0.018667038530111313,0.000991982544014147,-0.0
5302,53,WA,CTCs,0.0,-0.0,-0.0,-0.0,-0.0
5302,53,WA,EITCs,30068736.0,0.011795522645115852,0.024913456290960312,0.0007778672167002669,-0.0
5302,53,WA,CTCs and EITCs,30068736.0,0.011795522645115852,0.024913456290960312,0.0007778672167002669,-0.0
5306,53,WA,CTCs,0.0,-0.0,-0.0,-0.0,-0.0
5306,53,WA,EITCs,28198912.0,0.02044864371418953,0.03371715173125267,0.0009039839753244264,-0.0
5306,53,WA,CTCs and EITCs,28198912.0,0.02044864371418953,0.03371715173125267,0.0009039839753244264,-0.0
5310,53,WA,CTCs,0.0,-0.0,-0.0,-0.0,-0.0
5310,53,WA,EITCs,28322816.0,0.012353821657598019,0.02069365605711937,0.0006461175838484633,-0.0
5310,53,WA,CTCs and EITCs,28322816.0,0.012353821657598019,0.02069365605711937,0.0006461175838484633,-0.0
5401,54,WV,CTCs,0.0,-0.0,-0.0,-0.0,-0.0
5401,54,WV,EITCs,0.0,-0.0,-0.0,-0.0,-0.0
5401,54,WV,CTCs and EITCs,0.0,-0.0,-0.0,-0.0,-0.0
5402,54,WV,CTCs,0.0,-0.0,-0.0,-0.0,-0.0
5402,54,WV,EITCs,0.0,-0.0,-0.0,-0.0,-0.0
5402,54,WV,CTCs and EITCs,0.0,-0.0,-0.0,-0.0,-0.0
5506,55,WI,CTCs,0.0,-0.0,-0.0,-0.0,-0.0
5506,55,WI,EITCs,16138240.0,0.007703338749706745,0.017634758725762367,0.00030774676714951776,-0.0
5506,55,WI,CTCs and EITCs,16138240.0,0.007703338749706745,0.017634758725762367,0.00030774676714951776,-0.0
5505,55,WI,CTCs,0.0,-0.0,-0.0,-0.0,-0.0
5505,55,WI,EITCs,17689600.0,0.01662217453122139,0.03164006769657135,0.0003037011981746841,-0.0
5505,55,WI,CTCs and EITCs,17689600.0,0.01662217453122139,0.03164006769657135,0.0003037011981746841,-0.0
5502,55,WI,CTCs,0.0,-0.0,-0.0,-0.0,-0.0
5502,55,WI,EITCs,17438720.0,0.02010822296142578,0.04416554421186447,0.0003967074483142968,-0.0
5502,55,WI,CTCs and EITCs,17438720.0,0.02010822296142578,0.04416554421186447,0.0003967074483142968,-0.0
5503,55,WI,CTCs,0.0,-0.0,-0.0,-0.0,-0.0
5503,55,WI,EITCs,15964160.0,0.025093957781791687,0.06480179727077484,0.00019259965883497725,-0.0
5503,55,WI,CTCs and EITCs,15964160.0,0.025093957781791687,0.06480179727077484,0.00019259965883497725,-0.0
5507,55,WI,CTCs,0.0,-0.0,-0.0,-0.0,-0.0
5507,55,WI,EITCs,17134592.0,0.0073923030868172646,0.015439556911587715,0.00021873619019433522,-0.0
5507,55,WI,CTCs and EITCs,17134592.0,0.0073923030868172646,0.015439556911587715,0.00021873619019433522,-0.0
5501,55,WI,CTCs,0.0,-0.0,-0.0,-0.0,-0.0
5501,55,WI,EITCs,16844800.0,0.011456560343503952,0.0225981455296278,0.0003195456091454089,-0.0
5501,55,WI,CTCs and EITCs,16844800.0,0.011456560343503952,0.0225981455296278,0.0003195456091454089,-0.0
5504,55,WI,CTCs,0.0,-0.0,-0.0,-0.0,-0.0
5504,55,WI,EITCs,18025472.0,0.02313242480158806,0.03974834829568863,0.0002714532040986208,-0.0
5504,55,WI,CTCs and EITCs,18025472.0,0.02313242480158806,0.03974834829568863,0.0002714532040986208,-0.0
5508,55,WI,CTCs,0.0,-0.0,-0.0,-0.0,-0.0
5508,55,WI,EITCs,17580032.0,0.007009821478277445,0.011083000339567661,0.0002675258792264673,-0.0
5508,55,WI,CTCs and EITCs,17580032.0,0.007009821478277445,0.011083000339567661,0.0002675258792264673,-0.0
5601,56,WY,CTCs,0.0,-0.0,-0.0,-0.0,-0.0
5601,56,WY,EITCs,0.0,-0.0,-0.0,-0.0,-0.0
5601,56,WY,CTCs and EITCs,0.0,-0.0,-0.0,-0.0,-0.0
