state,reform_type,cost,poverty_pct_cut,child_poverty_pct_cut,poverty_gap_pct_cut,gini_index_pct_cut,baseline_poverty_count,reform_poverty_count,population,baseline_child_poverty_count,reform_child_poverty_count,child_population
AL,CTCs,0.0,-0.0,-0.0,0.0,0.0,672194.796875,672194.796875,5025674.625,188825.380859375,188825.380859375,1235794.90625
AL,EITCs,0.0,-0.0,-0.0,0.0,0.0,672194.796875,672194.796875,5025674.625,188825.380859375,188825.380859375,1235794.90625
AL,CTCs and EITCs,0.0,-0.0,-0.0,0.0,0.0,672194.796875,672194.796875,5025674.625,188825.380859375,188825.380859375,1235794.90625
AK,CTCs,0.0,-0.0,-0.0,0.0,0.0,51747.92578125,51747.92578125,733687.875,17927.45703125,17927.45703125,192221.21875
AK,EITCs,0.0,-0.0,-0.0,0.0,0.0,51747.92578125,51747.92578125,733687.875,17927.45703125,17927.45703125,192221.21875
AK,CTCs and EITCs,0.0,-0.0,-0.0,0.0,0.0,51747.92578125,51747.92578125,733687.875,17927.45703125,17927.45703125,192221.21875
AZ,CTCs,127651840.0,0.0005105876931284229,0.0011596861551284336,0.0013252961641056886,0.0005966299198884887,874923.0,875369.953125,7152348.5625,288721.3046875,289056.51953125,1723593.859375
AZ,EITCs,0.0,-0.0,-0.0,0.0,0.0,874923.0,874923.0,7152348.5625,288721.3046875,288721.3046875,1723593.859375
AZ,CTCs and EITCs,127651840.0,0.0005105876931284229,0.0011596861551284336,0.0013252961641056886,0.0005966299198884887,874923.0,875369.953125,7152348.5625,288721.3046875,289056.51953125,1723593.859375
AR,CTCs,0.0,-0.0,-0.0,0.0,0.0,208652.361328125,208652.361328125,3012862.8125,39719.1201171875,39719.1201171875,765171.890625
AR,EITCs,0.0,-0.0,-0.0,0.0,0.0,208652.361328125,208652.361328125,3012862.8125,39719.1201171875,39719.1201171875,765171.890625
AR,CTCs and EITCs,0.0,-0.0,-0.0,0.0,0.0,208652.361328125,208652.361328125,3012862.8125,39719.1201171875,39719.1201171875,765171.890625
CA,CTCs,534042624.0,0.010964528799680346,0.01794821318595343,0.009052806947033847,0.0007378928008539916,6467675.46484375,6539376.6484375,39523559.3125,1614464.380859375,1643970.7177734375,9171886.453125
CA,EITCs,1145135104.0,0.013881675980955122,0.032016462879867466,0.021128231500579485,0.001477680669795221,6467675.46484375,6558721.51171875,39523559.3125,1614464.380859375,1667863.4697265625,9171886.453125
CA,CTCs and EITCs,1679138816.0,0.022145543556719792,0.04399063759472257,0.02989748923668447,0.002217291981865061,6467675.46484375,6614149.3984375,39523559.3125,1614464.380859375,1688753.734375,9171886.453125
CO,CTCs,1316857856.0,0.19187010632743853,0.38333062856441596,0.08322251115123755,0.016730871783804023,460951.123046875,570392.3671875,5773760.4375,105495.1728515625,171072.5029296875,1363235.796875
CO,EITCs,405719040.0,0.02885263902277542,0.052397902566008396,0.026483145282494847,0.004697018831657666,460951.123046875,474645.91015625,5773760.4375,105495.1728515625,111328.5556640625,1363235.796875
CO,CTCs and EITCs,1722593280.0,0.24778647632470252,0.45044319418066214,0.12377501336038932,0.02143303758819572,460951.123046875,612792.921875,5773760.4375,105495.1728515625,191964.09130859375,1363235.796875
CT,CTCs,0.0,-0.0,-0.0,0.0,0.0,318766.58984375,318766.58984375,3607861.375,98096.32373046875,98096.32373046875,808163.078125
CT,EITCs,203479040.0,0.035924600846300725,0.05496668922125636,0.025832589258075307,0.0026980139477644524,318766.58984375,330644.875,3607861.375,98096.32373046875,103801.974609375,808163.078125
CT,CTCs and EITCs,203479040.0,0.035924600846300725,0.05496668922125636,0.025832589258075307,0.0026980139477644524,318766.58984375,330644.875,3607861.375,98096.32373046875,103801.974609375,808163.078125
DE,CTCs,0.0,-0.0,-0.0,0.0,0.0,111920.125,111920.125,988252.875,39898.78515625,39898.78515625,231474.4375
DE,EITCs,0.0,-0.0,-0.0,0.0,0.0,111920.125,111920.125,988252.875,39898.78515625,39898.78515625,231474.4375
DE,CTCs and EITCs,0.0,-0.0,-0.0,0.0,0.0,111920.125,111920.125,988252.875,39898.78515625,39898.78515625,231474.4375
DC,CTCs,0.0,-0.0,-0.0,0.0,0.0,72986.7421875,72986.7421875,689087.25,16516.193359375,16516.193359375,155014.796875
DC,EITCs,98791424.0,0.10350178578916969,0.2007386108226249,0.01826476892824101,0.005976200036087829,72986.7421875,81413.1484375,689087.25,16516.193359375,20664.3203125,155014.796875
DC,CTCs and EITCs,98791424.0,0.10350178578916969,0.2007386108226249,0.01826476892824101,0.005976200036087829,72986.7421875,81413.1484375,689087.25,16516.193359375,20664.3203125,155014.796875
FL,CTCs,0.0,-0.0,-0.0,0.0,0.0,3242321.9921875,3242321.9921875,21547492.5,1020286.6508789062,1020286.6508789062,5027107.234375
FL,EITCs,0.0,-0.0,-0.0,0.0,0.0,3242321.9921875,3242321.9921875,21547492.5,1020286.6508789062,1020286.6508789062,5027107.234375
FL,CTCs and EITCs,0.0,-0.0,-0.0,0.0,0.0,3242321.9921875,3242321.9921875,21547492.5,1020286.6508789062,1020286.6508789062,5027107.234375
GA,CTCs,0.0,-0.0,-0.0,0.0,0.0,1230169.798828125,1230169.798828125,10708733.4375,362982.23046875,362982.23046875,2712972.234375
GA,EITCs,0.0,-0.0,-0.0,0.0,0.0,1230169.798828125,1230169.798828125,10708733.4375,362982.23046875,362982.23046875,2712972.234375
GA,CTCs and EITCs,0.0,-0.0,-0.0,0.0,0.0,1230169.798828125,1230169.798828125,10708733.4375,362982.23046875,362982.23046875,2712972.234375
HI,CTCs,0.0,-0.0,-0.0,0.0,0.0,123438.8984375,123438.8984375,1453807.375,24229.2763671875,24229.2763671875,322501.359375
HI,EITCs,83193856.0,0.034647749398372375,0.07894048887605921,0.011676951183850086,0.003318072636917106,123438.8984375,127869.28125,1453807.375,24229.2763671875,26305.875,322501.359375
HI,CTCs and EITCs,83193856.0,0.034647749398372375,0.07894048887605921,0.011676951183850086,0.003318072636917106,123438.8984375,127869.28125,1453807.375,24229.2763671875,26305.875,322501.359375
ID,CTCs,76050432.0,0.014053283008128567,0.03161197471141778,0.0031121264559023456,0.0014559590941514372,119846.9765625,121555.2265625,1838818.75,34886.564453125,36025.3984375,508797.953125
ID,EITCs,0.0,-0.0,-0.0,0.0,0.0,119846.9765625,119846.9765625,1838818.75,34886.564453125,34886.564453125,508797.953125
ID,CTCs and EITCs,76050432.0,0.014053283008128567,0.03161197471141778,0.0031121264559023456,0.0014559590941514372,119846.9765625,121555.2265625,1838818.75,34886.564453125,36025.3984375,508797.953125
IL,CTCs,73500672.0,0.0017702627332230666,0.001863400755078141,0.0034809672565980746,0.00042749272758693587,1603400.9296875,1606244.404296875,12804365.5625,554071.7834472656,555106.1687011719,3058661.0859375
IL,EITCs,577116160.0,0.013541167383858653,0.019196624685769697,0.024562506130935205,0.003168160286703222,1603400.9296875,1625410.890625,12804365.5625,554071.7834472656,564916.2690429688,3058661.0859375
IL,CTCs and EITCs,577116160.0,0.013541167383858653,0.019196624685769697,0.024562506130935205,0.003168160286703222,1603400.9296875,1625410.890625,12804365.5625,554071.7834472656,564916.2690429688,3058661.0859375
IN,CTCs,0.0,-0.0,-0.0,0.0,0.0,587698.0234375,587698.0234375,6785232.375,185716.7109375,185716.7109375,1775903.1875
IN,EITCs,129728512.0,0.002685306313868598,0.004096237013118764,0.005508884820942552,0.001422297232138269,587698.0234375,589280.421875,6785232.375,185716.7109375,186480.57958984375,1775903.1875
IN,CTCs and EITCs,129728512.0,0.002685306313868598,0.004096237013118764,0.005508884820942552,0.001422297232138269,587698.0234375,589280.421875,6785232.375,185716.7109375,186480.57958984375,1775903.1875
IA,CTCs,0.0,-0.0,-0.0,0.0,0.0,223734.849609375,223734.849609375,3184189.625,57070.354248046875,57070.354248046875,792759.625
IA,EITCs,70117376.0,0.010947316660226046,0.030644069532360776,0.006991080828643267,0.001891851582829133,223734.849609375,226211.255859375,3184189.625,57070.354248046875,58874.5087890625,792759.625
IA,CTCs and EITCs,70117376.0,0.010947316660226046,0.030644069532360776,0.006991080828643267,0.001891851582829133,223734.849609375,226211.255859375,3184189.625,57070.354248046875,58874.5087890625,792759.625
KS,CTCs,0.0,-0.0,-0.0,0.0,0.0,212424.3515625,212424.3515625,2939105.5625,69231.2880859375,69231.2880859375,771022.03125
KS,EITCs,79927296.0,0.005227579709052466,0.0056355442120789275,0.008484858790764417,0.0019802625856489313,212424.3515625,213540.65234375,2939105.5625,69231.2880859375,69623.6552734375,771022.03125
KS,CTCs and EITCs,79927296.0,0.005227579709052466,0.0056355442120789275,0.008484858790764417,0.0019802625856489313,212424.3515625,213540.65234375,2939105.5625,69231.2880859375,69623.6552734375,771022.03125
KY,CTCs,0.0,-0.0,-0.0,0.0,0.0,426217.328125,426217.328125,4498929.0625,123322.291015625,123322.291015625,1140230.53125
KY,EITCs,0.0,-0.0,-0.0,0.0,0.0,426217.328125,426217.328125,4498929.0625,123322.291015625,123322.291015625,1140230.53125
KY,CTCs and EITCs,0.0,-0.0,-0.0,0.0,0.0,426217.328125,426217.328125,4498929.0625,123322.291015625,123322.291015625,1140230.53125
LA,CTCs,0.0,-0.0,-0.0,0.0,0.0,600201.8984375,600201.8984375,4655334.6875,156802.763671875,156802.763671875,1212988.765625
LA,EITCs,78143488.0,0.021251508300804585,0.04055376038608153,0.002987098289620528,0.0010885006753446264,600201.8984375,613234.046875,4655334.6875,156802.763671875,163430.484375,1212988.765625
LA,CTCs and EITCs,78143488.0,0.021251508300804585,0.04055376038608153,0.002987098289620528,0.0010885006753446264,600201.8984375,613234.046875,4655334.6875,156802.763671875,163430.484375,1212988.765625
ME,CTCs,93169664.0,0.006363646632117813,0.01464166267187948,0.009905776207513735,0.003462570984564382,103775.66796875,104440.2890625,1361750.625,27128.09716796875,27531.19970703125,270489.375
ME,EITCs,54120448.0,0.003959033399873323,0.005979401869090008,0.011518697444317388,0.0025389206853178355,103775.66796875,104188.15234375,1361750.625,27128.09716796875,27291.28271484375,270489.375
ME,CTCs and EITCs,147294208.0,0.012706402862354122,0.02276867389799548,0.02128392497254461,0.005997723015903933,103775.66796875,105111.25390625,1361750.625,27128.09716796875,27760.1591796875,270489.375
MD,CTCs,22933504.0,0.0011660713857973208,0.0020331422111233895,0.0017556084717433066,0.00019519649317835172,582643.666015625,583323.86328125,6178035.3125,166937.7265625,167277.826171875,1521012.6796875
MD,EITCs,513128448.0,0.13561769236980492,0.2569685165090389,0.043049107300599104,0.005158980134863565,582643.666015625,674057.833984375,6178035.3125,166937.7265625,224671.134765625,1521012.6796875
MD,CTCs and EITCs,536059904.0,0.13561769236980492,0.2569685165090389,0.04473992186722787,0.005352911444969442,582643.666015625,674057.833984375,6178035.3125,166937.7265625,224671.134765625,1521012.6796875
MA,CTCs,489721856.0,0.009994433193276414,0.021484809387461355,0.014138581073257887,0.0018615200072837805,1163881.44140625,1175631.208984375,7032819.625,279860.4052734375,286005.171875,1550894.671875
MA,EITCs,320876544.0,0.016450858673191272,0.03382201348986526,0.015655253086448193,0.002231404448613469,1163881.44140625,1183348.541015625,7032819.625,279860.4052734375,289657.19482421875,1550894.671875
MA,CTCs and EITCs,810586112.0,0.0314104777672256,0.07158586187428395,0.029894879951541393,0.004093978933785255,1163881.44140625,1201625.05859375,7032819.625,279860.4052734375,301439.189453125,1550894.671875
MI,CTCs,0.0,-0.0,-0.0,0.0,0.0,550637.85546875,550637.85546875,10076466.375,151875.55200195312,151875.55200195312,2216030.4140625
MI,EITCs,593694720.0,0.1363642700563742,0.23127949891488184,0.034414751769172094,0.004712299640641134,550637.85546875,637581.142578125,10076466.375,151875.55200195312,197569.27490234375,2216030.4140625
MI,CTCs and EITCs,593694720.0,0.1363642700563742,0.23127949891488184,0.034414751769172094,0.004712299640641134,550637.85546875,637581.142578125,10076466.375,151875.55200195312,197569.27490234375,2216030.4140625
MN,CTCs,639940608.0,0.13441284596916428,0.2787628023028178,0.029016715039697376,0.008924241018259962,288930.03515625,333796.583984375,5707224.4375,65888.35302734375,91354.6240234375,1344516.5625
MN,EITCs,253743104.0,0.009020606635118044,0.008697979027770805,0.008450739702565598,0.0024146034447335455,288930.03515625,291560.083984375,5707224.4375,65888.35302734375,66466.47705078125,1344516.5625
MN,CTCs and EITCs,847124480.0,0.1430545623835016,0.28947507777018305,0.03848188406849731,0.010636880780088452,288930.03515625,337162.697265625,5707224.4375,65888.35302734375,92731.93798828125,1344516.5625
MS,CTCs,0.0,-0.0,-0.0,0.0,0.0,318911.18359375,318911.18359375,2963599.1875,94847.568359375,94847.568359375,797680.796875
MS,EITCs,0.0,-0.0,-0.0,0.0,0.0,318911.18359375,318911.18359375,2963599.1875,94847.568359375,94847.568359375,797680.796875
MS,CTCs and EITCs,0.0,-0.0,-0.0,0.0,0.0,318911.18359375,318911.18359375,2963599.1875,94847.568359375,94847.568359375,797680.796875
MO,CTCs,0.0,-0.0,-0.0,0.0,0.0,598250.453125,598250.453125,6150251.125,183237.1474609375,183237.1474609375,1472836.1875
MO,EITCs,43206656.0,6.8202045353703e-05,7.422377574160534e-05,0.0007492246539357397,0.0004842514341348678,598250.453125,598291.2578125,6150251.125,183237.1474609375,183250.7490234375,1472836.1875
MO,CTCs and EITCs,43206656.0,6.8202045353703e-05,7.422377574160534e-05,0.0007492246539357397,0.0004842514341348678,598250.453125,598291.2578125,6150251.125,183237.1474609375,183250.7490234375,1472836.1875
MT,CTCs,0.0,-0.0,-0.0,0.0,0.0,68758.12890625,68758.12890625,1083831.875,11849.00390625,11849.00390625,257020.578125
MT,EITCs,16164864.0,0.0026807717771629254,0.009271954047597087,0.001752745461638702,0.0009628872675947458,68758.12890625,68942.94921875,1083831.875,11849.00390625,11959.8955078125,257020.578125
MT,CTCs and EITCs,16164864.0,0.0026807717771629254,0.009271954047597087,0.001752745461638702,0.0009628872675947458,68758.12890625,68942.94921875,1083831.875,11849.00390625,11959.8955078125,257020.578125
NE,CTCs,145836032.0,0.0034632858719247203,0.004707226948053965,0.006835499424995056,0.004531300970349096,131731.27734375,132189.0859375,1963557.1875,54123.298828125,54379.2744140625,527391.203125
NE,EITCs,30095360.0,0.0004510584000289315,0.0007027791573699076,0.0041709482306828355,0.0009519068105745253,131731.27734375,131790.72265625,1963557.1875,54123.298828125,54161.3623046875,527391.203125
NE,CTCs and EITCs,175929344.0,0.004359322309521309,0.006218680218934251,0.010976807254629224,0.00548451374753399,131731.27734375,132308.05078125,1963557.1875,54123.298828125,54461.98046875,527391.203125
NV,CTCs,0.0,-0.0,-0.0,0.0,0.0,360577.4765625,360577.4765625,3104827.3125,100774.0830078125,100774.0830078125,739750.40625
NV,EITCs,0.0,-0.0,-0.0,0.0,0.0,360577.4765625,360577.4765625,3104827.3125,100774.0830078125,100774.0830078125,739750.40625
NV,CTCs and EITCs,0.0,-0.0,-0.0,0.0,0.0,360577.4765625,360577.4765625,3104827.3125,100774.0830078125,100774.0830078125,739750.40625
NH,CTCs,0.0,-0.0,-0.0,0.0,0.0,62717.9140625,62717.9140625,1377383.1875,21119.6494140625,21119.6494140625,275482.8515625
NH,EITCs,0.0,-0.0,-0.0,0.0,0.0,62717.9140625,62717.9140625,1377383.1875,21119.6494140625,21119.6494140625,275482.8515625
NH,CTCs and EITCs,0.0,-0.0,-0.0,0.0,0.0,62717.9140625,62717.9140625,1377383.1875,21119.6494140625,21119.6494140625,275482.8515625
NJ,CTCs,275920896.0,0.06864965387818796,0.1264263038615033,0.014285717814157236,0.0017527847446622523,680170.3984375,730305.626953125,9291111.1875,199344.02392578125,228193.71142578125,2103152.0625
NJ,EITCs,626110464.0,0.18072527961943988,0.28929945229012555,0.041724745561225685,0.004035969096639118,680170.3984375,830210.40625,9291111.1875,199344.02392578125,280489.4755859375,2103152.0625
NJ,CTCs and EITCs,902041600.0,0.18706920877859876,0.29895772925395814,0.05760985680320122,0.005785134734880615,680170.3984375,836689.181640625,9291111.1875,199344.02392578125,284353.7861328125,2103152.0625
NM,CTCs,178886656.0,0.04170166052312977,0.0661041790944905,0.04939513488848385,0.006544304439360357,255528.6875,266648.3671875,2114554.9375,73818.529296875,79043.64453125,521875.453125
NM,EITCs,140378112.0,0.004944176163519364,0.006147173973701035,0.024436114447148508,0.00515914360624651,255528.6875,256798.34375,2114554.9375,73818.529296875,74275.111328125,521875.453125
NM,CTCs and EITCs,319268864.0,0.09410716729943353,0.12311139638185385,0.07238526585290868,0.011707841376146519,255528.6875,282073.859375,2114554.9375,73818.529296875,84182.333984375,521875.453125
NY,CTCs,816068608.0,0.004469148194092914,0.009949060573645483,0.012235022938506257,0.0020596522687138445,3413387.2353515625,3428710.6513671875,20205925.0,815005.2673339844,823195.287109375,4700554.265625
NY,EITCs,1126633472.0,0.030921067932569078,0.053880447488937354,0.03038235166734771,0.0032274725542836055,3413387.2353515625,3522300.529296875,20205925.0,815005.2673339844,861418.9033203125,4700554.265625
NY,CTCs and EITCs,1942718464.0,0.03637808374230116,0.06524664364842066,0.042707308737253716,0.005294250594429585,3413387.2353515625,3542247.408203125,20205925.0,815005.2673339844,871893.3842773438,4700554.265625
NC,CTCs,0.0,-0.0,-0.0,0.0,0.0,742383.619140625,742383.619140625,10443413.25,254150.00146484375,254150.00146484375,2537246.359375
NC,EITCs,0.0,-0.0,-0.0,0.0,0.0,742383.619140625,742383.619140625,10443413.25,254150.00146484375,254150.00146484375,2537246.359375
NC,CTCs and EITCs,0.0,-0.0,-0.0,0.0,0.0,742383.619140625,742383.619140625,10443413.25,254150.00146484375,254150.00146484375,2537246.359375
ND,CTCs,0.0,-0.0,-0.0,0.0,0.0,52310.98828125,52310.98828125,778163.0625,20555.95703125,20555.95703125,200843.03125
ND,EITCs,0.0,-0.0,-0.0,0.0,0.0,52310.98828125,52310.98828125,778163.0625,20555.95703125,20555.95703125,200843.03125
ND,CTCs and EITCs,0.0,-0.0,-0.0,0.0,0.0,52310.98828125,52310.98828125,778163.0625,20555.95703125,20555.95703125,200843.03125
OH,CTCs,0.0,-0.0,-0.0,0.0,0.0,754364.494140625,754364.494140625,11802005.1875,232167.04663085938,232167.04663085938,2750296.828125
OH,EITCs,91379712.0,0.0016367863463739598,0.0026564498215316482,0.00019017206948071546,0.00044659353817328405,754364.494140625,755601.251953125,11802005.1875,232167.04663085938,232785.42944335938,2750296.828125
OH,CTCs and EITCs,91379712.0,0.0016367863463739598,0.0026564498215316482,0.00019017206948071546,0.00044659353817328405,754364.494140625,755601.251953125,11802005.1875,232167.04663085938,232785.42944335938,2750296.828125
OK,CTCs,0.0,-0.0,-0.0,0.0,0.0,388759.765625,388759.765625,3960248.6875,106958.15234375,106958.15234375,989430.9375
OK,EITCs,35393536.0,0.0006923184740489665,0.0010744693895337301,0.0027011897932306276,0.000693257223721555,388759.765625,389029.09765625,3960248.6875,106958.15234375,107073.19921875,989430.9375
OK,CTCs and EITCs,35393536.0,0.0006923184740489665,0.0010744693895337301,0.0027011897932306276,0.000693257223721555,388759.765625,389029.09765625,3960248.6875,106958.15234375,107073.19921875,989430.9375
OR,CTCs,44984320.0,0.017140614017149555,0.0537375730677327,0.005088509542593591,0.0006363486767542896,613509.375,624208.6953125,4235674.6875,96530.658203125,102012.56591796875,892642.4453125
OR,EITCs,52985856.0,0.016228573032086392,0.04951162456294409,0.0033644951520816102,0.0007727923799176953,613509.375,623630.0,4235674.6875,96530.658203125,101559.009765625,892642.4453125
OR,CTCs and EITCs,97957888.0,0.018798159564961326,0.05823304846728219,0.00859742516940533,0.0014115864552262487,613509.375,625263.171875,4235674.6875,96530.658203125,102499.517578125,892642.4453125
PA,CTCs,0.0,-0.0,-0.0,0.0,0.0,1298460.837890625,1298460.837890625,12999678.6875,331374.24609375,331374.24609375,2859365.515625
PA,EITCs,0.0,-0.0,-0.0,0.0,0.0,1298460.837890625,1298460.837890625,12999678.6875,331374.24609375,331374.24609375,2859365.515625
PA,CTCs and EITCs,0.0,-0.0,-0.0,0.0,0.0,1298460.837890625,1298460.837890625,12999678.6875,331374.24609375,331374.24609375,2859365.515625
RI,CTCs,0.0,-0.0,-0.0,0.0,0.0,132956.12890625,132956.12890625,1096538.4375,33735.720703125,33735.720703125,226328.9375
RI,EITCs,28749824.0,0.004401262506275803,0.008810571928835663,0.010707226099842529,0.0015834621050692217,132956.12890625,133543.890625,1096538.4375,33735.720703125,34035.59375,226328.9375
RI,CTCs and EITCs,28749824.0,0.004401262506275803,0.008810571928835663,0.010707226099842529,0.0015834621050692217,132956.12890625,133543.890625,1096538.4375,33735.720703125,34035.59375,226328.9375
SC,CTCs,0.0,-0.0,-0.0,0.0,0.0,402785.91796875,402785.91796875,5119324.0,124727.7666015625,124727.7666015625,1296152.515625
SC,EITCs,16848896.0,4.49582769054779e-05,9.679520729378008e-05,4.7057055141368265e-05,0.00017922534983816064,402785.91796875,402804.02734375,5119324.0,124727.7666015625,124739.8408203125,1296152.515625
SC,CTCs and EITCs,16848896.0,4.49582769054779e-05,9.679520729378008e-05,4.7057055141368265e-05,0.00017922534983816064,402785.91796875,402804.02734375,5119324.0,124727.7666015625,124739.8408203125,1296152.515625
SD,CTCs,0.0,-0.0,-0.0,0.0,0.0,70014.5625,70014.5625,892321.75,22886.76953125,22886.76953125,252254.484375
SD,EITCs,0.0,-0.0,-0.0,0.0,0.0,70014.5625,70014.5625,892321.75,22886.76953125,22886.76953125,252254.484375
SD,CTCs and EITCs,0.0,-0.0,-0.0,0.0,0.0,70014.5625,70014.5625,892321.75,22886.76953125,22886.76953125,252254.484375
TN,CTCs,0.0,-0.0,-0.0,0.0,0.0,818767.37890625,818767.37890625,6913881.1875,272313.751953125,272313.751953125,1714694.46875
TN,EITCs,0.0,-0.0,-0.0,0.0,0.0,818767.37890625,818767.37890625,6913881.1875,272313.751953125,272313.751953125,1714694.46875
TN,CTCs and EITCs,0.0,-0.0,-0.0,0.0,0.0,818767.37890625,818767.37890625,6913881.1875,272313.751953125,272313.751953125,1714694.46875
TX,CTCs,0.0,-0.0,-0.0,0.0,0.0,3579547.90234375,3579547.90234375,29138584.9375,1135849.4350585938,1135849.4350585938,8100324.7109375
TX,EITCs,0.0,-0.0,-0.0,0.0,0.0,3579547.90234375,3579547.90234375,29138584.9375,1135849.4350585938,1135849.4350585938,8100324.7109375
TX,CTCs and EITCs,0.0,-0.0,-0.0,0.0,0.0,3579547.90234375,3579547.90234375,29138584.9375,1135849.4350585938,1135849.4350585938,8100324.7109375
UT,CTCs,4409344.0,-0.0,-0.0,5.2935472324029396e-05,0.00011121623514446918,287046.7734375,287046.7734375,3271433.625,88155.7470703125,88155.7470703125,980250.71875
UT,EITCs,8382464.0,-0.0,-0.0,0.0011646110582256579,0.0001905396351201655,287046.7734375,287046.7734375,3271433.625,88155.7470703125,88155.7470703125,980250.71875
UT,CTCs and EITCs,16674816.0,0.0001822922321630212,0.0003296964072160518,0.0012257320498467717,0.00040054565980578063,287046.7734375,287099.109375,3271433.625,88155.7470703125,88184.8212890625,980250.71875
VT,CTCs,22802432.0,0.0011836184076002428,0.001403661420300549,0.0015706822035286398,0.0020457641116956777,63692.171875,63767.6484375,643430.875,13422.5419921875,13441.4091796875,128621.4375
VT,EITCs,28876800.0,0.015697459763306637,0.05019639516859795,0.006151223388637641,0.0033977414849743737,63692.171875,64707.921875,643430.875,13422.5419921875,14131.9130859375,128621.4375
VT,CTCs and EITCs,51679232.0,0.08682480733103129,0.19542210669282578,0.008170680078555374,0.0054525221086904226,63692.171875,69748.03125,643430.875,13422.5419921875,16682.712890625,128621.4375
VA,CTCs,0.0,-0.0,-0.0,0.0,0.0,829456.26953125,829456.26953125,8637472.1875,314399.5859375,314399.5859375,2050394.140625
VA,EITCs,230930432.0,0.004956291392342328,0.006714163687690127,0.012316046249386947,0.0015832671803085584,829456.26953125,833587.7734375,8637472.1875,314399.5859375,316524.78515625,2050394.140625
VA,CTCs and EITCs,230930432.0,0.004956291392342328,0.006714163687690127,0.012316046249386947,0.0015832671803085584,829456.26953125,833587.7734375,8637472.1875,314399.5859375,316524.78515625,2050394.140625
WA,CTCs,0.0,-0.0,-0.0,0.0,0.0,745534.70703125,745534.70703125,7701694.875,205893.12548828125,205893.12548828125,1810372.515625
WA,EITCs,205729792.0,0.058475742558105046,0.1025120810943739,0.01725319168963354,0.0014046827539472627,745534.70703125,791838.0234375,7701694.875,205893.12548828125,229410.47021484375,1810372.515625
WA,CTCs and EITCs,205729792.0,0.058475742558105046,0.1025120810943739,0.01725319168963354,0.0014046827539472627,745534.70703125,791838.0234375,7701694.875,205893.12548828125,229410.47021484375,1810372.515625
WV,CTCs,0.0,-0.0,-0.0,0.0,0.0,189447.890625,189447.890625,1791608.25,58592.453125,58592.453125,396686.875
WV,EITCs,0.0,-0.0,-0.0,0.0,0.0,189447.890625,189447.890625,1791608.25,58592.453125,58592.453125,396686.875
WV,CTCs and EITCs,0.0,-0.0,-0.0,0.0,0.0,189447.890625,189447.890625,1791608.25,58592.453125,58592.453125,396686.875
WI,CTCs,0.0,-0.0,-0.0,0.0,0.0,529070.181640625,529070.181640625,5891332.1875,80959.96923828125,80959.96923828125,1333714.953125
WI,EITCs,108335104.0,0.003202555355888635,0.013485403145235893,0.005699076836090443,0.0015564747696889792,529070.181640625,530770.001953125,5891332.1875,80959.96923828125,82066.67138671875,1333714.953125
WI,CTCs and EITCs,108335104.0,0.003202555355888635,0.013485403145235893,0.005699076836090443,0.0015564747696889792,529070.181640625,530770.001953125,5891332.1875,80959.96923828125,82066.67138671875,1333714.953125
WY,CTCs,0.0,-0.0,-0.0,0.0,0.0,41209.0,41209.0,576157.75,11581.146484375,11581.146484375,144642.21875
WY,EITCs,0.0,-0.0,-0.0,0.0,0.0,41209.0,41209.0,576157.75,11581.146484375,11581.146484375,144642.21875
WY,CTCs and EITCs,0.0,-0.0,-0.0,0.0,0.0,41209.0,41209.0,576157.75,11581.146484375,11581.146484375,144642.21875
